,name,is_closed,url,rating,price,review_count,latitude,longitude,location
0,California Caregivers Alliance,False,https://www.yelp.com/biz/california-caregivers-alliance-los-angeles-3?adjust_creative=ZWy0ubD0XpxR_wgB9r9oJA&utm_campaign=yelp_api_v3&utm_medium=api_v3_business_search&utm_source=ZWy0ubD0XpxR_wgB9r9oJA,4.5,,299,34.08235,-118.272037,"(34.08235, -118.272037)"
1,Herbarium,False,https://www.yelp.com/biz/herbarium-west-hollywood?adjust_creative=ZWy0ubD0XpxR_wgB9r9oJA&utm_campaign=yelp_api_v3&utm_medium=api_v3_business_search&utm_source=ZWy0ubD0XpxR_wgB9r9oJA,4.5,$$,289,34.08853,-118.3446,"(34.08853, -118.3446)"
2,MedMen Los Angeles - DTLA,False,https://www.yelp.com/biz/medmen-los-angeles-dtla-los-angeles?adjust_creative=ZWy0ubD0XpxR_wgB9r9oJA&utm_campaign=yelp_api_v3&utm_medium=api_v3_business_search&utm_source=ZWy0ubD0XpxR_wgB9r9oJA,4.0,$$,344,34.0446,-118.25444,"(34.0446, -118.25444)"
3,HERB,False,https://www.yelp.com/biz/herb-los-angeles-3?adjust_creative=ZWy0ubD0XpxR_wgB9r9oJA&utm_campaign=yelp_api_v3&utm_medium=api_v3_business_search&utm_source=ZWy0ubD0XpxR_wgB9r9oJA,4.5,$$,118,34.0434989929199,-118.250205993652,"(34.0434989929199, -118.250205993652)"
4,Extra Special Delivery,False,https://www.yelp.com/biz/extra-special-delivery-north-hollywood?adjust_creative=ZWy0ubD0XpxR_wgB9r9oJA&utm_campaign=yelp_api_v3&utm_medium=api_v3_business_search&utm_source=ZWy0ubD0XpxR_wgB9r9oJA,4.5,$,130,34.167,-118.37364,"(34.167, -118.37364)"
5,Cannabis Cafe,False,https://www.yelp.com/biz/cannabis-cafe-west-hollywood?adjust_creative=ZWy0ubD0XpxR_wgB9r9oJA&utm_campaign=yelp_api_v3&utm_medium=api_v3_business_search&utm_source=ZWy0ubD0XpxR_wgB9r9oJA,3.5,,677,34.092688,-118.344421,"(34.092688, -118.344421)"
6,Kushfly,False,https://www.yelp.com/biz/kushfly-los-angeles-5?adjust_creative=ZWy0ubD0XpxR_wgB9r9oJA&utm_campaign=yelp_api_v3&utm_medium=api_v3_business_search&utm_source=ZWy0ubD0XpxR_wgB9r9oJA,4.0,$$,251,34.127617,-118.34671,"(34.127617, -118.34671)"
7,The Higher Path,False,https://www.yelp.com/biz/the-higher-path-sherman-oaks-9?adjust_creative=ZWy0ubD0XpxR_wgB9r9oJA&utm_campaign=yelp_api_v3&utm_medium=api_v3_business_search&utm_source=ZWy0ubD0XpxR_wgB9r9oJA,4.5,$$,272,34.1493390052598,-118.439874686508,"(34.1493390052598, -118.439874686508)"
8,Wellness Earth Energy Dispensary,False,https://www.yelp.com/biz/wellness-earth-energy-dispensary-studio-city-4?adjust_creative=ZWy0ubD0XpxR_wgB9r9oJA&utm_campaign=yelp_api_v3&utm_medium=api_v3_business_search&utm_source=ZWy0ubD0XpxR_wgB9r9oJA,4.5,,160,34.1398523,-118.3834097,"(34.1398523, -118.3834097)"
9,Green Earth Collective,False,https://www.yelp.com/biz/green-earth-collective-los-angeles-6?adjust_creative=ZWy0ubD0XpxR_wgB9r9oJA&utm_campaign=yelp_api_v3&utm_medium=api_v3_business_search&utm_source=ZWy0ubD0XpxR_wgB9r9oJA,4.0,$$,245,34.12247,-118.21067,"(34.12247, -118.21067)"
10,MedMen Los Angeles - LAX Airport,False,https://www.yelp.com/biz/medmen-los-angeles-lax-airport-los-angeles-4?adjust_creative=ZWy0ubD0XpxR_wgB9r9oJA&utm_campaign=yelp_api_v3&utm_medium=api_v3_business_search&utm_source=ZWy0ubD0XpxR_wgB9r9oJA,4.5,$$,257,33.95765,-118.39575,"(33.95765, -118.39575)"
11,Mecca Mid City,False,https://www.yelp.com/biz/mecca-mid-city-los-angeles?adjust_creative=ZWy0ubD0XpxR_wgB9r9oJA&utm_campaign=yelp_api_v3&utm_medium=api_v3_business_search&utm_source=ZWy0ubD0XpxR_wgB9r9oJA,4.0,$,180,34.0344467,-118.3695938,"(34.0344467, -118.3695938)"
12,MedMen Venice Beach - Abbot Kinney,False,https://www.yelp.com/biz/medmen-venice-beach-abbot-kinney-los-angeles-5?adjust_creative=ZWy0ubD0XpxR_wgB9r9oJA&utm_campaign=yelp_api_v3&utm_medium=api_v3_business_search&utm_source=ZWy0ubD0XpxR_wgB9r9oJA,4.5,$$,144,33.99088,-118.46783,"(33.99088, -118.46783)"
13,Buds & Roses,False,https://www.yelp.com/biz/buds-and-roses-studio-city?adjust_creative=ZWy0ubD0XpxR_wgB9r9oJA&utm_campaign=yelp_api_v3&utm_medium=api_v3_business_search&utm_source=ZWy0ubD0XpxR_wgB9r9oJA,4.0,,207,34.146006,-118.417692,"(34.146006, -118.417692)"
14,Exhalence LA,False,https://www.yelp.com/biz/exhalence-la-los-angeles?adjust_creative=ZWy0ubD0XpxR_wgB9r9oJA&utm_campaign=yelp_api_v3&utm_medium=api_v3_business_search&utm_source=ZWy0ubD0XpxR_wgB9r9oJA,4.5,$$,134,34.221854,-118.359567,"(34.221854, -118.359567)"
15,California Cannabis Melrose,False,https://www.yelp.com/biz/california-cannabis-melrose-los-angeles-4?adjust_creative=ZWy0ubD0XpxR_wgB9r9oJA&utm_campaign=yelp_api_v3&utm_medium=api_v3_business_search&utm_source=ZWy0ubD0XpxR_wgB9r9oJA,4.5,$$,61,34.08318,-118.30991,"(34.08318, -118.30991)"
16,Exhale Med Center,False,https://www.yelp.com/biz/exhale-med-center-los-angeles-2?adjust_creative=ZWy0ubD0XpxR_wgB9r9oJA&utm_campaign=yelp_api_v3&utm_medium=api_v3_business_search&utm_source=ZWy0ubD0XpxR_wgB9r9oJA,4.0,,150,34.089008,-118.376229,"(34.089008, -118.376229)"
17,Sweet Flower Melrose,False,https://www.yelp.com/biz/sweet-flower-melrose-los-angeles-2?adjust_creative=ZWy0ubD0XpxR_wgB9r9oJA&utm_campaign=yelp_api_v3&utm_medium=api_v3_business_search&utm_source=ZWy0ubD0XpxR_wgB9r9oJA,4.5,$$,99,34.083985,-118.3674,"(34.083985, -118.3674)"
18,Organic CBD Nugs - Hemp Flower,False,https://www.yelp.com/biz/organic-cbd-nugs-hemp-flower-los-angeles-3?adjust_creative=ZWy0ubD0XpxR_wgB9r9oJA&utm_campaign=yelp_api_v3&utm_medium=api_v3_business_search&utm_source=ZWy0ubD0XpxR_wgB9r9oJA,5.0,,37,34.03023147583008,-118.24201202392578,"(34.03023147583008, -118.24201202392578)"
19,FireHaus,False,https://www.yelp.com/biz/firehaus-los-angeles-6?adjust_creative=ZWy0ubD0XpxR_wgB9r9oJA&utm_campaign=yelp_api_v3&utm_medium=api_v3_business_search&utm_source=ZWy0ubD0XpxR_wgB9r9oJA,4.0,$$,148,34.042108,-118.4416266,"(34.042108, -118.4416266)"
20,The High Note - Culver City,False,https://www.yelp.com/biz/the-high-note-culver-city-los-angeles-2?adjust_creative=ZWy0ubD0XpxR_wgB9r9oJA&utm_campaign=yelp_api_v3&utm_medium=api_v3_business_search&utm_source=ZWy0ubD0XpxR_wgB9r9oJA,4.5,$$,57,34.02582,-118.3607,"(34.02582, -118.3607)"
21,MedMen Venice Beach - Lincoln Blvd,False,https://www.yelp.com/biz/medmen-venice-beach-lincoln-blvd-los-angeles-4?adjust_creative=ZWy0ubD0XpxR_wgB9r9oJA&utm_campaign=yelp_api_v3&utm_medium=api_v3_business_search&utm_source=ZWy0ubD0XpxR_wgB9r9oJA,4.0,$$,213,34.0008077,-118.466145,"(34.0008077, -118.466145)"
22,BARC Collective,False,https://www.yelp.com/biz/barc-collective-los-angeles-4?adjust_creative=ZWy0ubD0XpxR_wgB9r9oJA&utm_campaign=yelp_api_v3&utm_medium=api_v3_business_search&utm_source=ZWy0ubD0XpxR_wgB9r9oJA,4.5,,84,34.07077,-118.37564,"(34.07077, -118.37564)"
23,MedMen Los Angeles - West Hollywood,False,https://www.yelp.com/biz/medmen-los-angeles-west-hollywood-west-hollywood-3?adjust_creative=ZWy0ubD0XpxR_wgB9r9oJA&utm_campaign=yelp_api_v3&utm_medium=api_v3_business_search&utm_source=ZWy0ubD0XpxR_wgB9r9oJA,4.0,$$,550,34.0905911417357,-118.367290442404,"(34.0905911417357, -118.367290442404)"
24,Organic Kind,False,https://www.yelp.com/biz/organic-kind-los-angeles-2?adjust_creative=ZWy0ubD0XpxR_wgB9r9oJA&utm_campaign=yelp_api_v3&utm_medium=api_v3_business_search&utm_source=ZWy0ubD0XpxR_wgB9r9oJA,4.5,$$$,48,34.0770492553711,-118.25887298584,"(34.0770492553711, -118.25887298584)"
25,Mary Jane's Collective,False,https://www.yelp.com/biz/mary-janes-collective-los-angeles?adjust_creative=ZWy0ubD0XpxR_wgB9r9oJA&utm_campaign=yelp_api_v3&utm_medium=api_v3_business_search&utm_source=ZWy0ubD0XpxR_wgB9r9oJA,4.0,,97,34.0836418,-118.3072488,"(34.0836418, -118.3072488)"
26,Cornerstone Wellness,False,https://www.yelp.com/biz/cornerstone-wellness-los-angeles?adjust_creative=ZWy0ubD0XpxR_wgB9r9oJA&utm_campaign=yelp_api_v3&utm_medium=api_v3_business_search&utm_source=ZWy0ubD0XpxR_wgB9r9oJA,4.0,$$,148,34.1418972,-118.2220956,"(34.1418972, -118.2220956)"
27,Sweet Flower Arts District,False,https://www.yelp.com/biz/sweet-flower-arts-district-los-angeles-2?adjust_creative=ZWy0ubD0XpxR_wgB9r9oJA&utm_campaign=yelp_api_v3&utm_medium=api_v3_business_search&utm_source=ZWy0ubD0XpxR_wgB9r9oJA,4.5,,53,34.037441,-118.232294,"(34.037441, -118.232294)"
28,MMD - North Hollywood,False,https://www.yelp.com/biz/mmd-north-hollywood-los-angeles-2?adjust_creative=ZWy0ubD0XpxR_wgB9r9oJA&utm_campaign=yelp_api_v3&utm_medium=api_v3_business_search&utm_source=ZWy0ubD0XpxR_wgB9r9oJA,4.5,,113,34.1561,-118.36995,"(34.1561, -118.36995)"
29,Universal Collective,False,https://www.yelp.com/biz/universal-collective-los-angeles?adjust_creative=ZWy0ubD0XpxR_wgB9r9oJA&utm_campaign=yelp_api_v3&utm_medium=api_v3_business_search&utm_source=ZWy0ubD0XpxR_wgB9r9oJA,4.5,$$,66,34.1343,-118.36019,"(34.1343, -118.36019)"
30,MOTA Medicine Of The Angels,False,https://www.yelp.com/biz/mota-medicine-of-the-angels-los-angeles?adjust_creative=ZWy0ubD0XpxR_wgB9r9oJA&utm_campaign=yelp_api_v3&utm_medium=api_v3_business_search&utm_source=ZWy0ubD0XpxR_wgB9r9oJA,4.0,$$,112,34.09284,-118.28034,"(34.09284, -118.28034)"
31,Rose Collective,False,https://www.yelp.com/biz/rose-collective-venice?adjust_creative=ZWy0ubD0XpxR_wgB9r9oJA&utm_campaign=yelp_api_v3&utm_medium=api_v3_business_search&utm_source=ZWy0ubD0XpxR_wgB9r9oJA,4.0,,150,33.9979274,-118.474851,"(33.9979274, -118.474851)"
32,Ganjarunner,False,https://www.yelp.com/biz/ganjarunner-los-angeles-2?adjust_creative=ZWy0ubD0XpxR_wgB9r9oJA&utm_campaign=yelp_api_v3&utm_medium=api_v3_business_search&utm_source=ZWy0ubD0XpxR_wgB9r9oJA,4.0,,132,34.10161,-118.30206,"(34.10161, -118.30206)"
33,The Buddha Company - Arts District,False,https://www.yelp.com/biz/the-buddha-company-arts-district-los-angeles?adjust_creative=ZWy0ubD0XpxR_wgB9r9oJA&utm_campaign=yelp_api_v3&utm_medium=api_v3_business_search&utm_source=ZWy0ubD0XpxR_wgB9r9oJA,4.5,$$,59,34.030514,-118.230839,"(34.030514, -118.230839)"
34,Top Shelf Marijuana Delivery,False,https://www.yelp.com/biz/top-shelf-marijuana-delivery-west-hollywood?adjust_creative=ZWy0ubD0XpxR_wgB9r9oJA&utm_campaign=yelp_api_v3&utm_medium=api_v3_business_search&utm_source=ZWy0ubD0XpxR_wgB9r9oJA,4.5,$$$$,68,34.09431,-118.36154,"(34.09431, -118.36154)"
35,Sweet Flower,False,https://www.yelp.com/biz/sweet-flower-los-angeles-5?adjust_creative=ZWy0ubD0XpxR_wgB9r9oJA&utm_campaign=yelp_api_v3&utm_medium=api_v3_business_search&utm_source=ZWy0ubD0XpxR_wgB9r9oJA,4.0,$$,137,34.14178817,-118.387948,"(34.14178817, -118.387948)"
36,MedMen Los Angeles - Beverly Hills,False,https://www.yelp.com/biz/medmen-los-angeles-beverly-hills-los-angeles-4?adjust_creative=ZWy0ubD0XpxR_wgB9r9oJA&utm_campaign=yelp_api_v3&utm_medium=api_v3_business_search&utm_source=ZWy0ubD0XpxR_wgB9r9oJA,4.0,$$,160,34.0746620981703,-118.383718578289,"(34.0746620981703, -118.383718578289)"
37,Kush Alley,False,https://www.yelp.com/biz/kush-alley-north-hills?adjust_creative=ZWy0ubD0XpxR_wgB9r9oJA&utm_campaign=yelp_api_v3&utm_medium=api_v3_business_search&utm_source=ZWy0ubD0XpxR_wgB9r9oJA,4.5,$$,83,34.222696104142,-118.497881285285,"(34.222696104142, -118.497881285285)"
38,The Green Easy,False,https://www.yelp.com/biz/the-green-easy-los-angeles-7?adjust_creative=ZWy0ubD0XpxR_wgB9r9oJA&utm_campaign=yelp_api_v3&utm_medium=api_v3_business_search&utm_source=ZWy0ubD0XpxR_wgB9r9oJA,4.5,,74,34.076221,-118.370504,"(34.076221, -118.370504)"
39,The Healing Touch,False,https://www.yelp.com/biz/the-healing-touch-encino?adjust_creative=ZWy0ubD0XpxR_wgB9r9oJA&utm_campaign=yelp_api_v3&utm_medium=api_v3_business_search&utm_source=ZWy0ubD0XpxR_wgB9r9oJA,4.5,,89,34.164894,-118.524812,"(34.164894, -118.524812)"
40,Fast & Friendly Delivery Service,False,https://www.yelp.com/biz/fast-and-friendly-delivery-service-hermosa-beach-4?adjust_creative=ZWy0ubD0XpxR_wgB9r9oJA&utm_campaign=yelp_api_v3&utm_medium=api_v3_business_search&utm_source=ZWy0ubD0XpxR_wgB9r9oJA,4.0,,125,33.8649142,-118.3944767,"(33.8649142, -118.3944767)"
41,Pot Valet,False,https://www.yelp.com/biz/pot-valet-santa-monica-6?adjust_creative=ZWy0ubD0XpxR_wgB9r9oJA&utm_campaign=yelp_api_v3&utm_medium=api_v3_business_search&utm_source=ZWy0ubD0XpxR_wgB9r9oJA,4.0,$$,79,34.0115966796875,-118.468780517578,"(34.0115966796875, -118.468780517578)"
42,CAC Venice,False,https://www.yelp.com/biz/cac-venice-venice?adjust_creative=ZWy0ubD0XpxR_wgB9r9oJA&utm_campaign=yelp_api_v3&utm_medium=api_v3_business_search&utm_source=ZWy0ubD0XpxR_wgB9r9oJA,4.5,,52,34.0022531,-118.4691969,"(34.0022531, -118.4691969)"
43,Green Angel,False,https://www.yelp.com/biz/green-angel-sherman-oaks?adjust_creative=ZWy0ubD0XpxR_wgB9r9oJA&utm_campaign=yelp_api_v3&utm_medium=api_v3_business_search&utm_source=ZWy0ubD0XpxR_wgB9r9oJA,4.5,,64,34.148844,-118.437367,"(34.148844, -118.437367)"
44,Nugg,False,https://www.yelp.com/biz/nugg-los-angeles-3?adjust_creative=ZWy0ubD0XpxR_wgB9r9oJA&utm_campaign=yelp_api_v3&utm_medium=api_v3_business_search&utm_source=ZWy0ubD0XpxR_wgB9r9oJA,3.5,,147,34.029109954834,-118.283065795898,"(34.029109954834, -118.283065795898)"
45,The Kind Center,False,https://www.yelp.com/biz/the-kind-center-los-angeles-3?adjust_creative=ZWy0ubD0XpxR_wgB9r9oJA&utm_campaign=yelp_api_v3&utm_medium=api_v3_business_search&utm_source=ZWy0ubD0XpxR_wgB9r9oJA,4.0,,66,34.10657,-118.33032,"(34.10657, -118.33032)"
46,The Reefinery,False,https://www.yelp.com/biz/the-reefinery-los-angeles?adjust_creative=ZWy0ubD0XpxR_wgB9r9oJA&utm_campaign=yelp_api_v3&utm_medium=api_v3_business_search&utm_source=ZWy0ubD0XpxR_wgB9r9oJA,4.5,,68,34.1796,-118.4577,"(34.1796, -118.4577)"
47,Pine X Delivery,False,https://www.yelp.com/biz/pine-x-delivery-manhattan-beach?adjust_creative=ZWy0ubD0XpxR_wgB9r9oJA&utm_campaign=yelp_api_v3&utm_medium=api_v3_business_search&utm_source=ZWy0ubD0XpxR_wgB9r9oJA,5.0,$$,28,33.886116027832,-118.405311584473,"(33.886116027832, -118.405311584473)"
48,MMD HOLLYWOOD,False,https://www.yelp.com/biz/mmd-hollywood-hollywood?adjust_creative=ZWy0ubD0XpxR_wgB9r9oJA&utm_campaign=yelp_api_v3&utm_medium=api_v3_business_search&utm_source=ZWy0ubD0XpxR_wgB9r9oJA,4.0,,96,34.0984988,-118.3297582,"(34.0984988, -118.3297582)"
49,420 King Marijuana Delivery,False,https://www.yelp.com/biz/420-king-marijuana-delivery-hollywood-4?adjust_creative=ZWy0ubD0XpxR_wgB9r9oJA&utm_campaign=yelp_api_v3&utm_medium=api_v3_business_search&utm_source=ZWy0ubD0XpxR_wgB9r9oJA,4.0,,53,34.0941333563786,-118.339812863159,"(34.0941333563786, -118.339812863159)"
50,Sun Valley Caregivers,False,https://www.yelp.com/biz/sun-valley-caregivers-sun-valley?adjust_creative=ZWy0ubD0XpxR_wgB9r9oJA&utm_campaign=yelp_api_v3&utm_medium=api_v3_business_search&utm_source=ZWy0ubD0XpxR_wgB9r9oJA,4.5,$,40,34.2380086,-118.3698842,"(34.2380086, -118.3698842)"
51,Goddess Delivers,False,https://www.yelp.com/biz/goddess-delivers-los-angeles?adjust_creative=ZWy0ubD0XpxR_wgB9r9oJA&utm_campaign=yelp_api_v3&utm_medium=api_v3_business_search&utm_source=ZWy0ubD0XpxR_wgB9r9oJA,4.5,,42,33.97908,-118.25009,"(33.97908, -118.25009)"
52,La Brea Collective,False,https://www.yelp.com/biz/la-brea-collective-los-angeles?adjust_creative=ZWy0ubD0XpxR_wgB9r9oJA&utm_campaign=yelp_api_v3&utm_medium=api_v3_business_search&utm_source=ZWy0ubD0XpxR_wgB9r9oJA,4.0,,57,34.0481326,-118.3476599,"(34.0481326, -118.3476599)"
53,The Artist Tree,False,https://www.yelp.com/biz/the-artist-tree-west-hollywood?adjust_creative=ZWy0ubD0XpxR_wgB9r9oJA&utm_campaign=yelp_api_v3&utm_medium=api_v3_business_search&utm_source=ZWy0ubD0XpxR_wgB9r9oJA,4.0,,72,34.08784933,-118.37994233,"(34.08784933, -118.37994233)"
54,Sunset Herbal Corner Dispensary,False,https://www.yelp.com/biz/sunset-herbal-corner-dispensary-los-angeles?adjust_creative=ZWy0ubD0XpxR_wgB9r9oJA&utm_campaign=yelp_api_v3&utm_medium=api_v3_business_search&utm_source=ZWy0ubD0XpxR_wgB9r9oJA,4.0,,72,34.172473,-118.382416,"(34.172473, -118.382416)"
55,Alternative Herbal Health Services,False,https://www.yelp.com/biz/alternative-herbal-health-services-west-hollywood-4?adjust_creative=ZWy0ubD0XpxR_wgB9r9oJA&utm_campaign=yelp_api_v3&utm_medium=api_v3_business_search&utm_source=ZWy0ubD0XpxR_wgB9r9oJA,4.0,$$,53,34.09056,-118.36021,"(34.09056, -118.36021)"
56,Golden Leaf Scientifics,False,https://www.yelp.com/biz/golden-leaf-scientifics-santa-monica?adjust_creative=ZWy0ubD0XpxR_wgB9r9oJA&utm_campaign=yelp_api_v3&utm_medium=api_v3_business_search&utm_source=ZWy0ubD0XpxR_wgB9r9oJA,3.5,$$,125,34.0053558349609,-118.479789733887,"(34.0053558349609, -118.479789733887)"
57,Stiiizy,False,https://www.yelp.com/biz/stiiizy-los-angeles-3?adjust_creative=ZWy0ubD0XpxR_wgB9r9oJA&utm_campaign=yelp_api_v3&utm_medium=api_v3_business_search&utm_source=ZWy0ubD0XpxR_wgB9r9oJA,3.5,,126,34.05253083,-118.23209167,"(34.05253083, -118.23209167)"
58,Los Angeles Patients & Caregivers Group,False,https://www.yelp.com/biz/los-angeles-patients-and-caregivers-group-west-hollywood?adjust_creative=ZWy0ubD0XpxR_wgB9r9oJA&utm_campaign=yelp_api_v3&utm_medium=api_v3_business_search&utm_source=ZWy0ubD0XpxR_wgB9r9oJA,4.0,$$,99,34.0907688800547,-118.346886039038,"(34.0907688800547, -118.346886039038)"
59,Project Cannabis,False,https://www.yelp.com/biz/project-cannabis-los-angeles-2?adjust_creative=ZWy0ubD0XpxR_wgB9r9oJA&utm_campaign=yelp_api_v3&utm_medium=api_v3_business_search&utm_source=ZWy0ubD0XpxR_wgB9r9oJA,3.5,$$,106,34.164773,-118.367368,"(34.164773, -118.367368)"
60,Hollywood High Grade,False,https://www.yelp.com/biz/hollywood-high-grade-los-angeles?adjust_creative=ZWy0ubD0XpxR_wgB9r9oJA&utm_campaign=yelp_api_v3&utm_medium=api_v3_business_search&utm_source=ZWy0ubD0XpxR_wgB9r9oJA,3.5,,101,34.09108,-118.34312,"(34.09108, -118.34312)"
61,Gradus by SOCC,False,https://www.yelp.com/biz/gradus-by-socc-north-hollywood?adjust_creative=ZWy0ubD0XpxR_wgB9r9oJA&utm_campaign=yelp_api_v3&utm_medium=api_v3_business_search&utm_source=ZWy0ubD0XpxR_wgB9r9oJA,4.5,,34,34.1750832,-118.3804574,"(34.1750832, -118.3804574)"
62,Fountain Of Wellbeing,False,https://www.yelp.com/biz/fountain-of-wellbeing-north-hollywood-2?adjust_creative=ZWy0ubD0XpxR_wgB9r9oJA&utm_campaign=yelp_api_v3&utm_medium=api_v3_business_search&utm_source=ZWy0ubD0XpxR_wgB9r9oJA,5.0,,18,34.2021534,-118.391379,"(34.2021534, -118.391379)"
63,Strain Balboa Caregivers,False,https://www.yelp.com/biz/strain-balboa-caregivers-chatsworth?adjust_creative=ZWy0ubD0XpxR_wgB9r9oJA&utm_campaign=yelp_api_v3&utm_medium=api_v3_business_search&utm_source=ZWy0ubD0XpxR_wgB9r9oJA,4.0,,124,34.25767,-118.60133,"(34.25767, -118.60133)"
64,Treetop LA,False,https://www.yelp.com/biz/treetop-la-los-angeles?adjust_creative=ZWy0ubD0XpxR_wgB9r9oJA&utm_campaign=yelp_api_v3&utm_medium=api_v3_business_search&utm_source=ZWy0ubD0XpxR_wgB9r9oJA,4.0,,53,34.07543,-118.22145,"(34.07543, -118.22145)"
65,Cannary West,False,https://www.yelp.com/biz/cannary-west-los-angeles?adjust_creative=ZWy0ubD0XpxR_wgB9r9oJA&utm_campaign=yelp_api_v3&utm_medium=api_v3_business_search&utm_source=ZWy0ubD0XpxR_wgB9r9oJA,4.0,,41,34.0373,-118.4327,"(34.0373, -118.4327)"
66,LAX CC 21+,False,https://www.yelp.com/biz/lax-cc-21-los-angeles-2?adjust_creative=ZWy0ubD0XpxR_wgB9r9oJA&utm_campaign=yelp_api_v3&utm_medium=api_v3_business_search&utm_source=ZWy0ubD0XpxR_wgB9r9oJA,3.5,,110,33.962012,-118.420838,"(33.962012, -118.420838)"
67,Luvbrite Delivery,False,https://www.yelp.com/biz/luvbrite-delivery-santa-monica?adjust_creative=ZWy0ubD0XpxR_wgB9r9oJA&utm_campaign=yelp_api_v3&utm_medium=api_v3_business_search&utm_source=ZWy0ubD0XpxR_wgB9r9oJA,4.5,,35,34.01158,-118.49227,"(34.01158, -118.49227)"
68,Lit Co,False,https://www.yelp.com/biz/lit-co-los-angeles?adjust_creative=ZWy0ubD0XpxR_wgB9r9oJA&utm_campaign=yelp_api_v3&utm_medium=api_v3_business_search&utm_source=ZWy0ubD0XpxR_wgB9r9oJA,4.0,$$,32,34.03941,-118.2677,"(34.03941, -118.2677)"
69,The Marijuana Factory,False,https://www.yelp.com/biz/the-marijuana-factory-los-angeles?adjust_creative=ZWy0ubD0XpxR_wgB9r9oJA&utm_campaign=yelp_api_v3&utm_medium=api_v3_business_search&utm_source=ZWy0ubD0XpxR_wgB9r9oJA,4.0,,64,34.2369061,-118.5962604,"(34.2369061, -118.5962604)"
70,Nugg Club,False,https://www.yelp.com/biz/nugg-club-santa-monica-3?adjust_creative=ZWy0ubD0XpxR_wgB9r9oJA&utm_campaign=yelp_api_v3&utm_medium=api_v3_business_search&utm_source=ZWy0ubD0XpxR_wgB9r9oJA,4.5,,243,34.0115966796875,-118.468780517578,"(34.0115966796875, -118.468780517578)"
71,Foothill Wellness Center,False,https://www.yelp.com/biz/foothill-wellness-center-tujunga?adjust_creative=ZWy0ubD0XpxR_wgB9r9oJA&utm_campaign=yelp_api_v3&utm_medium=api_v3_business_search&utm_source=ZWy0ubD0XpxR_wgB9r9oJA,4.0,,44,34.247965,-118.287193,"(34.247965, -118.287193)"
72,The Balloon Room,False,https://www.yelp.com/biz/the-balloon-room-los-angeles?adjust_creative=ZWy0ubD0XpxR_wgB9r9oJA&utm_campaign=yelp_api_v3&utm_medium=api_v3_business_search&utm_source=ZWy0ubD0XpxR_wgB9r9oJA,4.0,,38,34.045809,-118.260598,"(34.045809, -118.260598)"
73,LA Wonderland Marijuana Dispensary Recreational,False,https://www.yelp.com/biz/la-wonderland-marijuana-dispensary-recreational-los-angeles-3?adjust_creative=ZWy0ubD0XpxR_wgB9r9oJA&utm_campaign=yelp_api_v3&utm_medium=api_v3_business_search&utm_source=ZWy0ubD0XpxR_wgB9r9oJA,3.0,$$,89,34.033994,-118.264534,"(34.033994, -118.264534)"
74,Erba Markets,False,https://www.yelp.com/biz/erba-markets-los-angeles?adjust_creative=ZWy0ubD0XpxR_wgB9r9oJA&utm_campaign=yelp_api_v3&utm_medium=api_v3_business_search&utm_source=ZWy0ubD0XpxR_wgB9r9oJA,3.0,$$,189,34.0281261,-118.45235927,"(34.0281261, -118.45235927)"
75,Pineapple Express Delivers,False,https://www.yelp.com/biz/pineapple-express-delivers-santa-clarita-2?adjust_creative=ZWy0ubD0XpxR_wgB9r9oJA&utm_campaign=yelp_api_v3&utm_medium=api_v3_business_search&utm_source=ZWy0ubD0XpxR_wgB9r9oJA,4.5,,54,34.4400287,-118.5914696,"(34.4400287, -118.5914696)"
76,DELI by Caliva,False,https://www.yelp.com/biz/deli-by-caliva-bellflower?adjust_creative=ZWy0ubD0XpxR_wgB9r9oJA&utm_campaign=yelp_api_v3&utm_medium=api_v3_business_search&utm_source=ZWy0ubD0XpxR_wgB9r9oJA,4.5,,49,33.87509,-118.13056933,"(33.87509, -118.13056933)"
77,Sweet Flower Westwood,False,https://www.yelp.com/biz/sweet-flower-westwood-los-angeles?adjust_creative=ZWy0ubD0XpxR_wgB9r9oJA&utm_campaign=yelp_api_v3&utm_medium=api_v3_business_search&utm_source=ZWy0ubD0XpxR_wgB9r9oJA,5.0,,15,34.05488,-118.441643,"(34.05488, -118.441643)"
78,Best Buds Delivery,False,https://www.yelp.com/biz/best-buds-delivery-los-angeles-12?adjust_creative=ZWy0ubD0XpxR_wgB9r9oJA&utm_campaign=yelp_api_v3&utm_medium=api_v3_business_search&utm_source=ZWy0ubD0XpxR_wgB9r9oJA,4.0,$$,33,33.9556606,-118.416723,"(33.9556606, -118.416723)"
79,Smartweed,False,https://www.yelp.com/biz/smartweed-los-angeles?adjust_creative=ZWy0ubD0XpxR_wgB9r9oJA&utm_campaign=yelp_api_v3&utm_medium=api_v3_business_search&utm_source=ZWy0ubD0XpxR_wgB9r9oJA,4.0,,40,34.08953,-118.30872,"(34.08953, -118.30872)"
80,420 Pit Stop 15 Cap,False,https://www.yelp.com/biz/420-pit-stop-15-cap-altadena?adjust_creative=ZWy0ubD0XpxR_wgB9r9oJA&utm_campaign=yelp_api_v3&utm_medium=api_v3_business_search&utm_source=ZWy0ubD0XpxR_wgB9r9oJA,3.5,,75,34.18561033,-118.1512005,"(34.18561033, -118.1512005)"
81,Emberz,False,https://www.yelp.com/biz/emberz-van-nuys-2?adjust_creative=ZWy0ubD0XpxR_wgB9r9oJA&utm_campaign=yelp_api_v3&utm_medium=api_v3_business_search&utm_source=ZWy0ubD0XpxR_wgB9r9oJA,4.5,,24,34.211817,-118.462793,"(34.211817, -118.462793)"
82,The Green Earth Farmacie,False,https://www.yelp.com/biz/the-green-earth-farmacie-van-nuys?adjust_creative=ZWy0ubD0XpxR_wgB9r9oJA&utm_campaign=yelp_api_v3&utm_medium=api_v3_business_search&utm_source=ZWy0ubD0XpxR_wgB9r9oJA,4.5,$,18,34.2117783364303,-118.462784255872,"(34.2117783364303, -118.462784255872)"
83,Green Cross of Torrance,False,https://www.yelp.com/biz/green-cross-of-torrance-torrance-2?adjust_creative=ZWy0ubD0XpxR_wgB9r9oJA&utm_campaign=yelp_api_v3&utm_medium=api_v3_business_search&utm_source=ZWy0ubD0XpxR_wgB9r9oJA,3.5,$$,84,33.831109,-118.308726,"(33.831109, -118.308726)"
84,Divine Wellness Center,False,https://www.yelp.com/biz/divine-wellness-center-canoga-park?adjust_creative=ZWy0ubD0XpxR_wgB9r9oJA&utm_campaign=yelp_api_v3&utm_medium=api_v3_business_search&utm_source=ZWy0ubD0XpxR_wgB9r9oJA,4.5,$,36,34.202434,-118.595115,"(34.202434, -118.595115)"
85,Pineapple Express Delivers,False,https://www.yelp.com/biz/pineapple-express-delivers-los-angeles-2?adjust_creative=ZWy0ubD0XpxR_wgB9r9oJA&utm_campaign=yelp_api_v3&utm_medium=api_v3_business_search&utm_source=ZWy0ubD0XpxR_wgB9r9oJA,4.5,,14,34.0450286865234,-118.448593139648,"(34.0450286865234, -118.448593139648)"
86,Marina Caregivers,False,https://www.yelp.com/biz/marina-caregivers-marina-del-rey-2?adjust_creative=ZWy0ubD0XpxR_wgB9r9oJA&utm_campaign=yelp_api_v3&utm_medium=api_v3_business_search&utm_source=ZWy0ubD0XpxR_wgB9r9oJA,3.5,,64,33.990839,-118.445826,"(33.990839, -118.445826)"
87,Dr. Greenthumb’s,False,https://www.yelp.com/biz/dr-greenthumb-s-los-angeles?adjust_creative=ZWy0ubD0XpxR_wgB9r9oJA&utm_campaign=yelp_api_v3&utm_medium=api_v3_business_search&utm_source=ZWy0ubD0XpxR_wgB9r9oJA,3.5,$$,44,34.07467,-118.22086,"(34.07467, -118.22086)"
88,Apothecary420,False,https://www.yelp.com/biz/apothecary420-sherman-oaks?adjust_creative=ZWy0ubD0XpxR_wgB9r9oJA&utm_campaign=yelp_api_v3&utm_medium=api_v3_business_search&utm_source=ZWy0ubD0XpxR_wgB9r9oJA,3.5,,69,34.15312,-118.46892,"(34.15312, -118.46892)"
89,The Buddha Company - DTLA,False,https://www.yelp.com/biz/the-buddha-company-dtla-los-angeles?adjust_creative=ZWy0ubD0XpxR_wgB9r9oJA&utm_campaign=yelp_api_v3&utm_medium=api_v3_business_search&utm_source=ZWy0ubD0XpxR_wgB9r9oJA,3.5,$$,33,34.04139,-118.25349,"(34.04139, -118.25349)"
90,The Antidote,False,https://www.yelp.com/biz/the-antidote-los-angeles-2?adjust_creative=ZWy0ubD0XpxR_wgB9r9oJA&utm_campaign=yelp_api_v3&utm_medium=api_v3_business_search&utm_source=ZWy0ubD0XpxR_wgB9r9oJA,5.0,,10,34.0833634,-118.3508367,"(34.0833634, -118.3508367)"
91,420 Caregiver Sherman Oaks Dispensary,False,https://www.yelp.com/biz/420-caregiver-sherman-oaks-dispensary-los-angeles?adjust_creative=ZWy0ubD0XpxR_wgB9r9oJA&utm_campaign=yelp_api_v3&utm_medium=api_v3_business_search&utm_source=ZWy0ubD0XpxR_wgB9r9oJA,4.5,,18,34.14896,-118.43868,"(34.14896, -118.43868)"
92,Serra Dispensary,False,https://www.yelp.com/biz/serra-dispensary-los-angeles-2?adjust_creative=ZWy0ubD0XpxR_wgB9r9oJA&utm_campaign=yelp_api_v3&utm_medium=api_v3_business_search&utm_source=ZWy0ubD0XpxR_wgB9r9oJA,4.5,,12,34.07257,-118.36712,"(34.07257, -118.36712)"
93,Project Cannabis,False,https://www.yelp.com/biz/project-cannabis-los-angeles-3?adjust_creative=ZWy0ubD0XpxR_wgB9r9oJA&utm_campaign=yelp_api_v3&utm_medium=api_v3_business_search&utm_source=ZWy0ubD0XpxR_wgB9r9oJA,4.5,,16,34.025806,-118.241626,"(34.025806, -118.241626)"
94,The Farmacy Westwood,False,https://www.yelp.com/biz/the-farmacy-westwood-los-angeles-4?adjust_creative=ZWy0ubD0XpxR_wgB9r9oJA&utm_campaign=yelp_api_v3&utm_medium=api_v3_business_search&utm_source=ZWy0ubD0XpxR_wgB9r9oJA,3.5,,43,34.06113,-118.44765,"(34.06113, -118.44765)"
95,TLC Collective,False,https://www.yelp.com/biz/tlc-collective-los-angeles?adjust_creative=ZWy0ubD0XpxR_wgB9r9oJA&utm_campaign=yelp_api_v3&utm_medium=api_v3_business_search&utm_source=ZWy0ubD0XpxR_wgB9r9oJA,3.5,$$$,61,34.0177450381105,-118.198729850021,"(34.0177450381105, -118.198729850021)"
96,New Amsterdam Naturals - NNCC,False,https://www.yelp.com/biz/new-amsterdam-naturals-nncc-los-angeles?adjust_creative=ZWy0ubD0XpxR_wgB9r9oJA&utm_campaign=yelp_api_v3&utm_medium=api_v3_business_search&utm_source=ZWy0ubD0XpxR_wgB9r9oJA,3.0,$$$,65,34.02887,-118.3927,"(34.02887, -118.3927)"
97,House of Flowers,False,https://www.yelp.com/biz/house-of-flowers-los-angeles-2?adjust_creative=ZWy0ubD0XpxR_wgB9r9oJA&utm_campaign=yelp_api_v3&utm_medium=api_v3_business_search&utm_source=ZWy0ubD0XpxR_wgB9r9oJA,3.0,$$,59,34.064302,-118.271492,"(34.064302, -118.271492)"
98,LB Collective,False,https://www.yelp.com/biz/lb-collective-long-beach-2?adjust_creative=ZWy0ubD0XpxR_wgB9r9oJA&utm_campaign=yelp_api_v3&utm_medium=api_v3_business_search&utm_source=ZWy0ubD0XpxR_wgB9r9oJA,4.0,,24,33.87491,-118.17117,"(33.87491, -118.17117)"
99,The Medicine Woman,False,https://www.yelp.com/biz/the-medicine-woman-bellflower?adjust_creative=ZWy0ubD0XpxR_wgB9r9oJA&utm_campaign=yelp_api_v3&utm_medium=api_v3_business_search&utm_source=ZWy0ubD0XpxR_wgB9r9oJA,4.0,,29,33.86924,-118.14059,"(33.86924, -118.14059)"
100,Weed Way,False,https://www.yelp.com/biz/weed-way-los-angeles-4?adjust_creative=ZWy0ubD0XpxR_wgB9r9oJA&utm_campaign=yelp_api_v3&utm_medium=api_v3_business_search&utm_source=ZWy0ubD0XpxR_wgB9r9oJA,4.0,,29,34.248081,-118.284415,"(34.248081, -118.284415)"
101,Ladera Holistic Care,False,https://www.yelp.com/biz/ladera-holistic-care-los-angeles-2?adjust_creative=ZWy0ubD0XpxR_wgB9r9oJA&utm_campaign=yelp_api_v3&utm_medium=api_v3_business_search&utm_source=ZWy0ubD0XpxR_wgB9r9oJA,4.0,,19,33.98869,-118.33738,"(33.98869, -118.33738)"
102,The Relief Collective,False,https://www.yelp.com/biz/the-relief-collective-los-angeles?adjust_creative=ZWy0ubD0XpxR_wgB9r9oJA&utm_campaign=yelp_api_v3&utm_medium=api_v3_business_search&utm_source=ZWy0ubD0XpxR_wgB9r9oJA,4.0,,18,34.0511166,-118.3653043,"(34.0511166, -118.3653043)"
103,Urban Treez,False,https://www.yelp.com/biz/urban-treez-studio-city-2?adjust_creative=ZWy0ubD0XpxR_wgB9r9oJA&utm_campaign=yelp_api_v3&utm_medium=api_v3_business_search&utm_source=ZWy0ubD0XpxR_wgB9r9oJA,4.0,,123,34.13963,-118.37872,"(34.13963, -118.37872)"
104,Hollyweed,False,https://www.yelp.com/biz/hollyweed-los-angeles?adjust_creative=ZWy0ubD0XpxR_wgB9r9oJA&utm_campaign=yelp_api_v3&utm_medium=api_v3_business_search&utm_source=ZWy0ubD0XpxR_wgB9r9oJA,3.5,,35,34.044442203096,-118.35261268453941,"(34.044442203096, -118.35261268453941)"
105,The Pottery,False,https://www.yelp.com/biz/the-pottery-los-angeles-2?adjust_creative=ZWy0ubD0XpxR_wgB9r9oJA&utm_campaign=yelp_api_v3&utm_medium=api_v3_business_search&utm_source=ZWy0ubD0XpxR_wgB9r9oJA,3.5,$$,26,34.04502,-118.34853,"(34.04502, -118.34853)"
106,Pot Valet,False,https://www.yelp.com/biz/pot-valet-los-angeles-10?adjust_creative=ZWy0ubD0XpxR_wgB9r9oJA&utm_campaign=yelp_api_v3&utm_medium=api_v3_business_search&utm_source=ZWy0ubD0XpxR_wgB9r9oJA,4.0,$$,13,34.0398292541504,-118.268547058105,"(34.0398292541504, -118.268547058105)"
107,Westside Organic Delivery,False,https://www.yelp.com/biz/westside-organic-delivery-santa-monica?adjust_creative=ZWy0ubD0XpxR_wgB9r9oJA&utm_campaign=yelp_api_v3&utm_medium=api_v3_business_search&utm_source=ZWy0ubD0XpxR_wgB9r9oJA,5.0,,10,34.0306434631348,-118.490600585938,"(34.0306434631348, -118.490600585938)"
108,Skyhigh LA,False,https://www.yelp.com/biz/skyhigh-la-los-angeles?adjust_creative=ZWy0ubD0XpxR_wgB9r9oJA&utm_campaign=yelp_api_v3&utm_medium=api_v3_business_search&utm_source=ZWy0ubD0XpxR_wgB9r9oJA,4.5,$$,13,34.0598826107359,-118.215785399079,"(34.0598826107359, -118.215785399079)"
109,Silver Lake Caregivers Group,False,https://www.yelp.com/biz/silver-lake-caregivers-group-los-angeles-2?adjust_creative=ZWy0ubD0XpxR_wgB9r9oJA&utm_campaign=yelp_api_v3&utm_medium=api_v3_business_search&utm_source=ZWy0ubD0XpxR_wgB9r9oJA,3.0,,52,34.1070133,-118.25503521,"(34.1070133, -118.25503521)"
110,LA Cannabis Co - Inglewood,False,https://www.yelp.com/biz/la-cannabis-co-inglewood-los-angeles?adjust_creative=ZWy0ubD0XpxR_wgB9r9oJA&utm_campaign=yelp_api_v3&utm_medium=api_v3_business_search&utm_source=ZWy0ubD0XpxR_wgB9r9oJA,4.0,,20,33.98545,-118.31199,"(33.98545, -118.31199)"
111,Happy Leaf Collective,False,https://www.yelp.com/biz/happy-leaf-collective-los-angeles-2?adjust_creative=ZWy0ubD0XpxR_wgB9r9oJA&utm_campaign=yelp_api_v3&utm_medium=api_v3_business_search&utm_source=ZWy0ubD0XpxR_wgB9r9oJA,3.5,,31,34.04422,-118.43246,"(34.04422, -118.43246)"
112,New Age Care Center,False,https://www.yelp.com/biz/new-age-care-center-los-angeles?adjust_creative=ZWy0ubD0XpxR_wgB9r9oJA&utm_campaign=yelp_api_v3&utm_medium=api_v3_business_search&utm_source=ZWy0ubD0XpxR_wgB9r9oJA,3.5,,21,34.01078,-118.2796,"(34.01078, -118.2796)"
113,HCMA,False,https://www.yelp.com/biz/hcma-sun-valley-2?adjust_creative=ZWy0ubD0XpxR_wgB9r9oJA&utm_campaign=yelp_api_v3&utm_medium=api_v3_business_search&utm_source=ZWy0ubD0XpxR_wgB9r9oJA,3.5,,38,34.24088,-118.39002,"(34.24088, -118.39002)"
114,WHTC,False,https://www.yelp.com/biz/whtc-studio-city?adjust_creative=ZWy0ubD0XpxR_wgB9r9oJA&utm_campaign=yelp_api_v3&utm_medium=api_v3_business_search&utm_source=ZWy0ubD0XpxR_wgB9r9oJA,4.5,,47,34.1363802,-118.3621366,"(34.1363802, -118.3621366)"
115,Limited Edition420 Delivery,False,https://www.yelp.com/biz/limited-edition420-delivery-los-angeles-6?adjust_creative=ZWy0ubD0XpxR_wgB9r9oJA&utm_campaign=yelp_api_v3&utm_medium=api_v3_business_search&utm_source=ZWy0ubD0XpxR_wgB9r9oJA,4.0,,11,34.0997886657715,-118.327217102051,"(34.0997886657715, -118.327217102051)"
116,Roots,False,https://www.yelp.com/biz/roots-sun-valley?adjust_creative=ZWy0ubD0XpxR_wgB9r9oJA&utm_campaign=yelp_api_v3&utm_medium=api_v3_business_search&utm_source=ZWy0ubD0XpxR_wgB9r9oJA,4.5,,12,34.201511,-118.372012,"(34.201511, -118.372012)"
117,Natural Remedies Caregivers,False,https://www.yelp.com/biz/natural-remedies-caregivers-los-angeles?adjust_creative=ZWy0ubD0XpxR_wgB9r9oJA&utm_campaign=yelp_api_v3&utm_medium=api_v3_business_search&utm_source=ZWy0ubD0XpxR_wgB9r9oJA,3.5,,25,34.087443,-118.309602,"(34.087443, -118.309602)"
118,Los Angeles Variety Cannabis,False,https://www.yelp.com/biz/los-angeles-variety-cannabis-los-angeles?adjust_creative=ZWy0ubD0XpxR_wgB9r9oJA&utm_campaign=yelp_api_v3&utm_medium=api_v3_business_search&utm_source=ZWy0ubD0XpxR_wgB9r9oJA,4.0,,16,34.0629758,-118.3627193,"(34.0629758, -118.3627193)"
119,Green Door West Delivery,False,https://www.yelp.com/biz/green-door-west-delivery-los-angeles-2?adjust_creative=ZWy0ubD0XpxR_wgB9r9oJA&utm_campaign=yelp_api_v3&utm_medium=api_v3_business_search&utm_source=ZWy0ubD0XpxR_wgB9r9oJA,4.5,$$,63,34.03722,-118.42127,"(34.03722, -118.42127)"
120,Eaze,False,https://www.yelp.com/biz/eaze-venice-3?adjust_creative=ZWy0ubD0XpxR_wgB9r9oJA&utm_campaign=yelp_api_v3&utm_medium=api_v3_business_search&utm_source=ZWy0ubD0XpxR_wgB9r9oJA,2.5,,125,33.99266,-118.4637,"(33.99266, -118.4637)"
121,Amuse,False,https://www.yelp.com/biz/amuse-los-angeles?adjust_creative=ZWy0ubD0XpxR_wgB9r9oJA&utm_campaign=yelp_api_v3&utm_medium=api_v3_business_search&utm_source=ZWy0ubD0XpxR_wgB9r9oJA,4.0,,15,33.9736289978027,-118.249893188477,"(33.9736289978027, -118.249893188477)"
122,Sherbinskis,False,https://www.yelp.com/biz/sherbinskis-los-angeles?adjust_creative=ZWy0ubD0XpxR_wgB9r9oJA&utm_campaign=yelp_api_v3&utm_medium=api_v3_business_search&utm_source=ZWy0ubD0XpxR_wgB9r9oJA,3.5,,21,34.077554,-118.361592,"(34.077554, -118.361592)"
123,American Eagle Collective,False,https://www.yelp.com/biz/american-eagle-collective-los-angeles?adjust_creative=ZWy0ubD0XpxR_wgB9r9oJA&utm_campaign=yelp_api_v3&utm_medium=api_v3_business_search&utm_source=ZWy0ubD0XpxR_wgB9r9oJA,4.5,,10,34.141769,-118.221107,"(34.141769, -118.221107)"
124,Calma West Hollywood Dispensary,False,https://www.yelp.com/biz/calma-west-hollywood?adjust_creative=ZWy0ubD0XpxR_wgB9r9oJA&utm_campaign=yelp_api_v3&utm_medium=api_v3_business_search&utm_source=ZWy0ubD0XpxR_wgB9r9oJA,4.0,,28,34.09242667,-118.34441667,"(34.09242667, -118.34441667)"
125,GREENWOLF LA,False,https://www.yelp.com/biz/greenwolf-la-los-angeles?adjust_creative=ZWy0ubD0XpxR_wgB9r9oJA&utm_campaign=yelp_api_v3&utm_medium=api_v3_business_search&utm_source=ZWy0ubD0XpxR_wgB9r9oJA,3.0,$$,53,34.1256846,-118.2639331,"(34.1256846, -118.2639331)"
126,Cannajuana Releaf,False,https://www.yelp.com/biz/cannajuana-releaf-glendale?adjust_creative=ZWy0ubD0XpxR_wgB9r9oJA&utm_campaign=yelp_api_v3&utm_medium=api_v3_business_search&utm_source=ZWy0ubD0XpxR_wgB9r9oJA,5.0,$$,5,34.13526,-118.24425,"(34.13526, -118.24425)"
127,LA Cannabis Co - Los Angeles,False,https://www.yelp.com/biz/la-cannabis-co-los-angeles-los-angeles-5?adjust_creative=ZWy0ubD0XpxR_wgB9r9oJA&utm_campaign=yelp_api_v3&utm_medium=api_v3_business_search&utm_source=ZWy0ubD0XpxR_wgB9r9oJA,3.5,$,20,34.0187479,-118.3193331,"(34.0187479, -118.3193331)"
128,The Growcery,False,https://www.yelp.com/biz/the-growcery-los-angeles?adjust_creative=ZWy0ubD0XpxR_wgB9r9oJA&utm_campaign=yelp_api_v3&utm_medium=api_v3_business_search&utm_source=ZWy0ubD0XpxR_wgB9r9oJA,4.0,$$,13,34.0511166,-118.3653043,"(34.0511166, -118.3653043)"
129,Emjay,False,https://www.yelp.com/biz/emjay-los-angeles-6?adjust_creative=ZWy0ubD0XpxR_wgB9r9oJA&utm_campaign=yelp_api_v3&utm_medium=api_v3_business_search&utm_source=ZWy0ubD0XpxR_wgB9r9oJA,3.5,,22,34.0656,-118.34984,"(34.0656, -118.34984)"
130,Rolling Loud 15 Cap,False,https://www.yelp.com/biz/rolling-loud-15-cap-los-angeles?adjust_creative=ZWy0ubD0XpxR_wgB9r9oJA&utm_campaign=yelp_api_v3&utm_medium=api_v3_business_search&utm_source=ZWy0ubD0XpxR_wgB9r9oJA,4.5,,9,34.04127,-118.16901,"(34.04127, -118.16901)"
131,420Bird,False,https://www.yelp.com/biz/420bird-los-angeles?adjust_creative=ZWy0ubD0XpxR_wgB9r9oJA&utm_campaign=yelp_api_v3&utm_medium=api_v3_business_search&utm_source=ZWy0ubD0XpxR_wgB9r9oJA,3.0,,36,34.0522342,-118.2436849,"(34.0522342, -118.2436849)"
132,Herbal Nature,False,https://www.yelp.com/biz/herbal-nature-los-angeles?adjust_creative=ZWy0ubD0XpxR_wgB9r9oJA&utm_campaign=yelp_api_v3&utm_medium=api_v3_business_search&utm_source=ZWy0ubD0XpxR_wgB9r9oJA,4.0,,9,34.0412657611647,-118.253331611495,"(34.0412657611647, -118.253331611495)"
133,Herbal Remedies Caregivers,False,https://www.yelp.com/biz/herbal-remedies-caregivers-sylmar?adjust_creative=ZWy0ubD0XpxR_wgB9r9oJA&utm_campaign=yelp_api_v3&utm_medium=api_v3_business_search&utm_source=ZWy0ubD0XpxR_wgB9r9oJA,3.5,,23,34.295407,-118.41234,"(34.295407, -118.41234)"
134,Venice Medical Center,False,https://www.yelp.com/biz/venice-medical-center-culver-city-3?adjust_creative=ZWy0ubD0XpxR_wgB9r9oJA&utm_campaign=yelp_api_v3&utm_medium=api_v3_business_search&utm_source=ZWy0ubD0XpxR_wgB9r9oJA,4.0,,39,34.01960754394531,-118.39566040039062,"(34.01960754394531, -118.39566040039062)"
135,DTPG Downtown Patient Group,False,https://www.yelp.com/biz/downtown-patient-group-dtpg-los-angeles-3?adjust_creative=ZWy0ubD0XpxR_wgB9r9oJA&utm_campaign=yelp_api_v3&utm_medium=api_v3_business_search&utm_source=ZWy0ubD0XpxR_wgB9r9oJA,4.0,,14,34.02654,-118.23878,"(34.02654, -118.23878)"
136,KushCab Delivery,False,https://www.yelp.com/biz/kushcab-delivery-los-angeles?adjust_creative=ZWy0ubD0XpxR_wgB9r9oJA&utm_campaign=yelp_api_v3&utm_medium=api_v3_business_search&utm_source=ZWy0ubD0XpxR_wgB9r9oJA,4.0,,11,34.04901,-118.28623,"(34.04901, -118.28623)"
137,Uplyft LA,False,https://www.yelp.com/biz/uplyft-la-los-angeles-10?adjust_creative=ZWy0ubD0XpxR_wgB9r9oJA&utm_campaign=yelp_api_v3&utm_medium=api_v3_business_search&utm_source=ZWy0ubD0XpxR_wgB9r9oJA,4.0,,10,34.0448,-118.432205,"(34.0448, -118.432205)"
138,Firehouse 365,False,https://www.yelp.com/biz/firehouse-365-maywood-2?adjust_creative=ZWy0ubD0XpxR_wgB9r9oJA&utm_campaign=yelp_api_v3&utm_medium=api_v3_business_search&utm_source=ZWy0ubD0XpxR_wgB9r9oJA,3.5,,16,33.9829135,-118.1860701,"(33.9829135, -118.1860701)"
139,University 20 Cap,False,https://www.yelp.com/biz/university-20-cap-los-angeles?adjust_creative=ZWy0ubD0XpxR_wgB9r9oJA&utm_campaign=yelp_api_v3&utm_medium=api_v3_business_search&utm_source=ZWy0ubD0XpxR_wgB9r9oJA,3.0,,39,34.02027,-118.27578,"(34.02027, -118.27578)"
140,CBD on Abbot,False,https://www.yelp.com/biz/cbd-on-abbot-venice-3?adjust_creative=ZWy0ubD0XpxR_wgB9r9oJA&utm_campaign=yelp_api_v3&utm_medium=api_v3_business_search&utm_source=ZWy0ubD0XpxR_wgB9r9oJA,5.0,,4,33.98866,-118.45258,"(33.98866, -118.45258)"
141,Pot Valet,False,https://www.yelp.com/biz/pot-valet-chatsworth?adjust_creative=ZWy0ubD0XpxR_wgB9r9oJA&utm_campaign=yelp_api_v3&utm_medium=api_v3_business_search&utm_source=ZWy0ubD0XpxR_wgB9r9oJA,4.0,$$,13,34.2322723,-118.5792364,"(34.2322723, -118.5792364)"
142,Cookies Melrose,False,https://www.yelp.com/biz/cookies-melrose-los-angeles-2?adjust_creative=ZWy0ubD0XpxR_wgB9r9oJA&utm_campaign=yelp_api_v3&utm_medium=api_v3_business_search&utm_source=ZWy0ubD0XpxR_wgB9r9oJA,2.0,,64,34.08336,-118.37237,"(34.08336, -118.37237)"
143,Super Supreme OG,False,https://www.yelp.com/biz/super-supreme-og-los-angeles?adjust_creative=ZWy0ubD0XpxR_wgB9r9oJA&utm_campaign=yelp_api_v3&utm_medium=api_v3_business_search&utm_source=ZWy0ubD0XpxR_wgB9r9oJA,3.0,,20,34.057903,-118.301834,"(34.057903, -118.301834)"
144,Compassion Union,False,https://www.yelp.com/biz/compassion-union-los-angeles?adjust_creative=ZWy0ubD0XpxR_wgB9r9oJA&utm_campaign=yelp_api_v3&utm_medium=api_v3_business_search&utm_source=ZWy0ubD0XpxR_wgB9r9oJA,5.0,,4,34.0707703,-118.3756409,"(34.0707703, -118.3756409)"
145,Da Green Corner,False,https://www.yelp.com/biz/da-green-corner-los-angeles-9?adjust_creative=ZWy0ubD0XpxR_wgB9r9oJA&utm_campaign=yelp_api_v3&utm_medium=api_v3_business_search&utm_source=ZWy0ubD0XpxR_wgB9r9oJA,3.5,,15,34.0293617248535,-118.285255432129,"(34.0293617248535, -118.285255432129)"
146,Westside Botanicals,False,https://www.yelp.com/biz/westside-botanicals-los-angeles?adjust_creative=ZWy0ubD0XpxR_wgB9r9oJA&utm_campaign=yelp_api_v3&utm_medium=api_v3_business_search&utm_source=ZWy0ubD0XpxR_wgB9r9oJA,4.0,,10,33.998695,-118.4285243,"(33.998695, -118.4285243)"
147,The Pottery,False,https://www.yelp.com/biz/the-pottery-los-angeles-3?adjust_creative=ZWy0ubD0XpxR_wgB9r9oJA&utm_campaign=yelp_api_v3&utm_medium=api_v3_business_search&utm_source=ZWy0ubD0XpxR_wgB9r9oJA,4.5,,8,34.03348,-118.47366,"(34.03348, -118.47366)"
148,Caliva Delivery,False,https://www.yelp.com/biz/caliva-delivery-los-angeles-2?adjust_creative=ZWy0ubD0XpxR_wgB9r9oJA&utm_campaign=yelp_api_v3&utm_medium=api_v3_business_search&utm_source=ZWy0ubD0XpxR_wgB9r9oJA,5.0,,3,34.0656,-118.34984,"(34.0656, -118.34984)"
149,Pacific Organic,False,https://www.yelp.com/biz/pacific-organic-los-angeles-2?adjust_creative=ZWy0ubD0XpxR_wgB9r9oJA&utm_campaign=yelp_api_v3&utm_medium=api_v3_business_search&utm_source=ZWy0ubD0XpxR_wgB9r9oJA,4.5,,5,34.14918,-118.4106,"(34.14918, -118.4106)"
150,Catalyst Cannabis - Cherry,False,https://www.yelp.com/biz/catalyst-cannabis-cherry-long-beach-2?adjust_creative=ZWy0ubD0XpxR_wgB9r9oJA&utm_campaign=yelp_api_v3&utm_medium=api_v3_business_search&utm_source=ZWy0ubD0XpxR_wgB9r9oJA,3.0,,30,33.8150537,-118.166663115344,"(33.8150537, -118.166663115344)"
151,LA Crown Collective,False,https://www.yelp.com/biz/la-crown-collective-los-angeles-4?adjust_creative=ZWy0ubD0XpxR_wgB9r9oJA&utm_campaign=yelp_api_v3&utm_medium=api_v3_business_search&utm_source=ZWy0ubD0XpxR_wgB9r9oJA,4.0,,13,33.97497,-118.25129,"(33.97497, -118.25129)"
152,Angel’s Kush Cannabis Delivery,False,https://www.yelp.com/biz/angel-s-kush-cannabis-delivery-los-angeles?adjust_creative=ZWy0ubD0XpxR_wgB9r9oJA&utm_campaign=yelp_api_v3&utm_medium=api_v3_business_search&utm_source=ZWy0ubD0XpxR_wgB9r9oJA,3.5,,9,34.063149,-118.298583,"(34.063149, -118.298583)"
153,Curb Delivery,False,https://www.yelp.com/biz/curb-delivery-los-angeles-2?adjust_creative=ZWy0ubD0XpxR_wgB9r9oJA&utm_campaign=yelp_api_v3&utm_medium=api_v3_business_search&utm_source=ZWy0ubD0XpxR_wgB9r9oJA,5.0,,3,34.02945,-118.35494,"(34.02945, -118.35494)"
154,Haven - Maywood,False,https://www.yelp.com/biz/haven-maywood-maywood?adjust_creative=ZWy0ubD0XpxR_wgB9r9oJA&utm_campaign=yelp_api_v3&utm_medium=api_v3_business_search&utm_source=ZWy0ubD0XpxR_wgB9r9oJA,4.0,,40,33.988258,-118.194824,"(33.988258, -118.194824)"
155,OG EXPRESS,False,https://www.yelp.com/biz/og-express-gardena-2?adjust_creative=ZWy0ubD0XpxR_wgB9r9oJA&utm_campaign=yelp_api_v3&utm_medium=api_v3_business_search&utm_source=ZWy0ubD0XpxR_wgB9r9oJA,3.0,,25,33.89633,-118.3271,"(33.89633, -118.3271)"
156,Kanep CBD,False,https://www.yelp.com/biz/kanep-cbd-west-hollywood?adjust_creative=ZWy0ubD0XpxR_wgB9r9oJA&utm_campaign=yelp_api_v3&utm_medium=api_v3_business_search&utm_source=ZWy0ubD0XpxR_wgB9r9oJA,5.0,,6,34.090558,-118.369396,"(34.090558, -118.369396)"
157,The Circle,False,https://www.yelp.com/biz/the-circle-long-beach-2?adjust_creative=ZWy0ubD0XpxR_wgB9r9oJA&utm_campaign=yelp_api_v3&utm_medium=api_v3_business_search&utm_source=ZWy0ubD0XpxR_wgB9r9oJA,4.0,$$,150,33.78905,-118.13945,"(33.78905, -118.13945)"
158,CanEx Delivery,False,https://www.yelp.com/biz/canex-delivery-culver-city?adjust_creative=ZWy0ubD0XpxR_wgB9r9oJA&utm_campaign=yelp_api_v3&utm_medium=api_v3_business_search&utm_source=ZWy0ubD0XpxR_wgB9r9oJA,4.0,,20,34.0236878,-118.3900204,"(34.0236878, -118.3900204)"
159,Shivas Dtla,False,https://www.yelp.com/biz/shivas-dtla-los-angeles?adjust_creative=ZWy0ubD0XpxR_wgB9r9oJA&utm_campaign=yelp_api_v3&utm_medium=api_v3_business_search&utm_source=ZWy0ubD0XpxR_wgB9r9oJA,3.0,$$,14,34.03679,-118.26325,"(34.03679, -118.26325)"
160,Ktown Kush,False,https://www.yelp.com/biz/ktown-kush-los-angeles-2?adjust_creative=ZWy0ubD0XpxR_wgB9r9oJA&utm_campaign=yelp_api_v3&utm_medium=api_v3_business_search&utm_source=ZWy0ubD0XpxR_wgB9r9oJA,4.0,,7,34.069264,-118.30204,"(34.069264, -118.30204)"
161,PAC LA,False,https://www.yelp.com/biz/pac-la-north-hollywood?adjust_creative=ZWy0ubD0XpxR_wgB9r9oJA&utm_campaign=yelp_api_v3&utm_medium=api_v3_business_search&utm_source=ZWy0ubD0XpxR_wgB9r9oJA,4.0,,48,34.15925,-118.370872,"(34.15925, -118.370872)"
162,Field Of Dreams,False,https://www.yelp.com/biz/field-of-dreams-los-angeles-4?adjust_creative=ZWy0ubD0XpxR_wgB9r9oJA&utm_campaign=yelp_api_v3&utm_medium=api_v3_business_search&utm_source=ZWy0ubD0XpxR_wgB9r9oJA,4.0,,8,34.05025,-118.43777,"(34.05025, -118.43777)"
163,LA Cannabis Co - La Brea,False,https://www.yelp.com/biz/la-cannabis-co-la-brea-los-angeles?adjust_creative=ZWy0ubD0XpxR_wgB9r9oJA&utm_campaign=yelp_api_v3&utm_medium=api_v3_business_search&utm_source=ZWy0ubD0XpxR_wgB9r9oJA,3.5,,8,34.04546,-118.34576,"(34.04546, -118.34576)"
164,Royal Greens LA,False,https://www.yelp.com/biz/royal-greens-la-los-angeles?adjust_creative=ZWy0ubD0XpxR_wgB9r9oJA&utm_campaign=yelp_api_v3&utm_medium=api_v3_business_search&utm_source=ZWy0ubD0XpxR_wgB9r9oJA,4.0,,5,34.041147,-118.350309,"(34.041147, -118.350309)"
165,Best of Buddha Whittier,False,https://www.yelp.com/biz/best-of-buddha-whittier-whittier?adjust_creative=ZWy0ubD0XpxR_wgB9r9oJA&utm_campaign=yelp_api_v3&utm_medium=api_v3_business_search&utm_source=ZWy0ubD0XpxR_wgB9r9oJA,3.0,$$,23,33.97241,-118.07091,"(33.97241, -118.07091)"
166,iLyfted Noho,False,https://www.yelp.com/biz/ilyfted-noho-north-hollywood-3?adjust_creative=ZWy0ubD0XpxR_wgB9r9oJA&utm_campaign=yelp_api_v3&utm_medium=api_v3_business_search&utm_source=ZWy0ubD0XpxR_wgB9r9oJA,3.5,$$,11,34.194126,-118.386762,"(34.194126, -118.386762)"
167,The Cannabis Method,False,https://www.yelp.com/biz/the-cannabis-method-los-angeles-4?adjust_creative=ZWy0ubD0XpxR_wgB9r9oJA&utm_campaign=yelp_api_v3&utm_medium=api_v3_business_search&utm_source=ZWy0ubD0XpxR_wgB9r9oJA,4.0,$$,5,34.03313,-118.43872,"(34.03313, -118.43872)"
168,iLyfted,False,https://www.yelp.com/biz/ilyfted-studio-city?adjust_creative=ZWy0ubD0XpxR_wgB9r9oJA&utm_campaign=yelp_api_v3&utm_medium=api_v3_business_search&utm_source=ZWy0ubD0XpxR_wgB9r9oJA,5.0,,13,34.150135,-118.379941,"(34.150135, -118.379941)"
169,Semilla_HRC,False,https://www.yelp.com/biz/semilla-hrc-los-angeles-3?adjust_creative=ZWy0ubD0XpxR_wgB9r9oJA&utm_campaign=yelp_api_v3&utm_medium=api_v3_business_search&utm_source=ZWy0ubD0XpxR_wgB9r9oJA,4.0,,6,34.2093599,-118.36264,"(34.2093599, -118.36264)"
170,Green Village,False,https://www.yelp.com/biz/green-village-los-angeles-2?adjust_creative=ZWy0ubD0XpxR_wgB9r9oJA&utm_campaign=yelp_api_v3&utm_medium=api_v3_business_search&utm_source=ZWy0ubD0XpxR_wgB9r9oJA,3.0,,15,34.03204,-118.3842,"(34.03204, -118.3842)"
171,The Clinik,False,https://www.yelp.com/biz/the-clinik-chatsworth-3?adjust_creative=ZWy0ubD0XpxR_wgB9r9oJA&utm_campaign=yelp_api_v3&utm_medium=api_v3_business_search&utm_source=ZWy0ubD0XpxR_wgB9r9oJA,3.5,,19,34.232374,-118.579252,"(34.232374, -118.579252)"
172,Leaf and Lion,False,https://www.yelp.com/biz/leaf-and-lion-long-beach?adjust_creative=ZWy0ubD0XpxR_wgB9r9oJA&utm_campaign=yelp_api_v3&utm_medium=api_v3_business_search&utm_source=ZWy0ubD0XpxR_wgB9r9oJA,4.0,,9,33.88154,-118.16254,"(33.88154, -118.16254)"
173,Los Angeles Farmers,False,https://www.yelp.com/biz/los-angeles-farmers-los-angeles-2?adjust_creative=ZWy0ubD0XpxR_wgB9r9oJA&utm_campaign=yelp_api_v3&utm_medium=api_v3_business_search&utm_source=ZWy0ubD0XpxR_wgB9r9oJA,5.0,,3,34.02736,-118.25302,"(34.02736, -118.25302)"
174,Melrose Place 25 Cap,False,https://www.yelp.com/biz/melrose-place-25-cap-los-angeles?adjust_creative=ZWy0ubD0XpxR_wgB9r9oJA&utm_campaign=yelp_api_v3&utm_medium=api_v3_business_search&utm_source=ZWy0ubD0XpxR_wgB9r9oJA,2.5,,14,34.083759,-118.3235015,"(34.083759, -118.3235015)"
175,High Flyers CA,False,https://www.yelp.com/biz/high-flyers-ca-long-beach?adjust_creative=ZWy0ubD0XpxR_wgB9r9oJA&utm_campaign=yelp_api_v3&utm_medium=api_v3_business_search&utm_source=ZWy0ubD0XpxR_wgB9r9oJA,5.0,,4,33.76041,-118.13276,"(33.76041, -118.13276)"
176,Pot Shop,False,https://www.yelp.com/biz/pot-shop-los-angeles-3?adjust_creative=ZWy0ubD0XpxR_wgB9r9oJA&utm_campaign=yelp_api_v3&utm_medium=api_v3_business_search&utm_source=ZWy0ubD0XpxR_wgB9r9oJA,3.5,,12,34.0713001,-118.3092549,"(34.0713001, -118.3092549)"
177,BeKind Meds,False,https://www.yelp.com/biz/bekind-meds-los-angeles-2?adjust_creative=ZWy0ubD0XpxR_wgB9r9oJA&utm_campaign=yelp_api_v3&utm_medium=api_v3_business_search&utm_source=ZWy0ubD0XpxR_wgB9r9oJA,5.0,$,2,34.09821,-118.35239,"(34.09821, -118.35239)"
178,Caña Sylmar,False,https://www.yelp.com/biz/ca%C3%B1a-sylmar-los-angeles-2?adjust_creative=ZWy0ubD0XpxR_wgB9r9oJA&utm_campaign=yelp_api_v3&utm_medium=api_v3_business_search&utm_source=ZWy0ubD0XpxR_wgB9r9oJA,3.0,,17,34.31007833,-118.42798667,"(34.31007833, -118.42798667)"
179,VIP LA Delivery,False,https://www.yelp.com/biz/vip-la-delivery-los-angeles-2?adjust_creative=ZWy0ubD0XpxR_wgB9r9oJA&utm_campaign=yelp_api_v3&utm_medium=api_v3_business_search&utm_source=ZWy0ubD0XpxR_wgB9r9oJA,4.0,$$,8,34.1007080078125,-118.328132629395,"(34.1007080078125, -118.328132629395)"
180,California Cannabis Soto,False,https://www.yelp.com/biz/california-cannabis-soto-los-angeles-2?adjust_creative=ZWy0ubD0XpxR_wgB9r9oJA&utm_campaign=yelp_api_v3&utm_medium=api_v3_business_search&utm_source=ZWy0ubD0XpxR_wgB9r9oJA,5.0,,2,34.02084,-118.22057,"(34.02084, -118.22057)"
181,The Plug LA,False,https://www.yelp.com/biz/the-plug-la-los-angeles-6?adjust_creative=ZWy0ubD0XpxR_wgB9r9oJA&utm_campaign=yelp_api_v3&utm_medium=api_v3_business_search&utm_source=ZWy0ubD0XpxR_wgB9r9oJA,4.0,,4,34.025786,-118.241659,"(34.025786, -118.241659)"
182,Med City Delivery,False,https://www.yelp.com/biz/med-city-delivery-los-angeles?adjust_creative=ZWy0ubD0XpxR_wgB9r9oJA&utm_campaign=yelp_api_v3&utm_medium=api_v3_business_search&utm_source=ZWy0ubD0XpxR_wgB9r9oJA,3.5,,8,34.1007080078125,-118.32813262939453,"(34.1007080078125, -118.32813262939453)"
183,AFFCO DELIVERY,False,https://www.yelp.com/biz/affco-delivery-los-angeles-2?adjust_creative=ZWy0ubD0XpxR_wgB9r9oJA&utm_campaign=yelp_api_v3&utm_medium=api_v3_business_search&utm_source=ZWy0ubD0XpxR_wgB9r9oJA,5.0,,2,34.1259460449219,-118.291015625,"(34.1259460449219, -118.291015625)"
184,The House Of Ounces,False,https://www.yelp.com/biz/the-house-of-ounces-los-angeles?adjust_creative=ZWy0ubD0XpxR_wgB9r9oJA&utm_campaign=yelp_api_v3&utm_medium=api_v3_business_search&utm_source=ZWy0ubD0XpxR_wgB9r9oJA,2.0,,34,34.03864,-118.26136,"(34.03864, -118.26136)"
185,Happy Green Delivery,False,https://www.yelp.com/biz/happy-green-delivery-north-hollywood-2?adjust_creative=ZWy0ubD0XpxR_wgB9r9oJA&utm_campaign=yelp_api_v3&utm_medium=api_v3_business_search&utm_source=ZWy0ubD0XpxR_wgB9r9oJA,4.0,,7,34.18541,-118.38779,"(34.18541, -118.38779)"
186,Kushy Delivery,False,https://www.yelp.com/biz/kushy-delivery-los-angeles-3?adjust_creative=ZWy0ubD0XpxR_wgB9r9oJA&utm_campaign=yelp_api_v3&utm_medium=api_v3_business_search&utm_source=ZWy0ubD0XpxR_wgB9r9oJA,4.0,,4,34.0029134,-118.4156558,"(34.0029134, -118.4156558)"
187,Kush Slingerz,False,https://www.yelp.com/biz/kush-slingerz-los-angeles?adjust_creative=ZWy0ubD0XpxR_wgB9r9oJA&utm_campaign=yelp_api_v3&utm_medium=api_v3_business_search&utm_source=ZWy0ubD0XpxR_wgB9r9oJA,5.0,,2,33.993012,-118.316626,"(33.993012, -118.316626)"
188,HiGH inventory,False,https://www.yelp.com/biz/high-inventory-sherman-oaks-2?adjust_creative=ZWy0ubD0XpxR_wgB9r9oJA&utm_campaign=yelp_api_v3&utm_medium=api_v3_business_search&utm_source=ZWy0ubD0XpxR_wgB9r9oJA,5.0,,2,34.1522560119629,-118.444999694824,"(34.1522560119629, -118.444999694824)"
189,MMD Marina Del Rey,False,https://www.yelp.com/biz/mmd-marina-del-rey-marina-del-rey?adjust_creative=ZWy0ubD0XpxR_wgB9r9oJA&utm_campaign=yelp_api_v3&utm_medium=api_v3_business_search&utm_source=ZWy0ubD0XpxR_wgB9r9oJA,3.5,,34,33.992108,-118.443668,"(33.992108, -118.443668)"
190,The Hotbox In Hawthorne,False,https://www.yelp.com/biz/the-hotbox-in-hawthorne-hawthorne-2?adjust_creative=ZWy0ubD0XpxR_wgB9r9oJA&utm_campaign=yelp_api_v3&utm_medium=api_v3_business_search&utm_source=ZWy0ubD0XpxR_wgB9r9oJA,2.0,,28,33.90708,-118.36157,"(33.90708, -118.36157)"
191,Long Beach Wellness Center,False,https://www.yelp.com/biz/long-beach-wellness-center-long-beach-2?adjust_creative=ZWy0ubD0XpxR_wgB9r9oJA&utm_campaign=yelp_api_v3&utm_medium=api_v3_business_search&utm_source=ZWy0ubD0XpxR_wgB9r9oJA,4.0,$$,58,33.8101,-118.11693,"(33.8101, -118.11693)"
192,High Season,False,https://www.yelp.com/biz/high-season-los-angeles?adjust_creative=ZWy0ubD0XpxR_wgB9r9oJA&utm_campaign=yelp_api_v3&utm_medium=api_v3_business_search&utm_source=ZWy0ubD0XpxR_wgB9r9oJA,3.5,,3,34.025568,-118.232876,"(34.025568, -118.232876)"
193,OG Central,False,https://www.yelp.com/biz/og-central-los-angeles?adjust_creative=ZWy0ubD0XpxR_wgB9r9oJA&utm_campaign=yelp_api_v3&utm_medium=api_v3_business_search&utm_source=ZWy0ubD0XpxR_wgB9r9oJA,3.0,$$,5,33.97732,-118.25609,"(33.97732, -118.25609)"
194,Kush Mobile,False,https://www.yelp.com/biz/kush-mobile-beverly-hills?adjust_creative=ZWy0ubD0XpxR_wgB9r9oJA&utm_campaign=yelp_api_v3&utm_medium=api_v3_business_search&utm_source=ZWy0ubD0XpxR_wgB9r9oJA,3.0,,4,34.0646896362305,-118.382843017578,"(34.0646896362305, -118.382843017578)"
195,Mai Collective,False,https://www.yelp.com/biz/mai-collective-los-angeles?adjust_creative=ZWy0ubD0XpxR_wgB9r9oJA&utm_campaign=yelp_api_v3&utm_medium=api_v3_business_search&utm_source=ZWy0ubD0XpxR_wgB9r9oJA,5.0,,1,34.0401396,-118.3082272,"(34.0401396, -118.3082272)"
196,Lab Rats Mobile Service,False,https://www.yelp.com/biz/lab-rats-mobile-service-los-angeles?adjust_creative=ZWy0ubD0XpxR_wgB9r9oJA&utm_campaign=yelp_api_v3&utm_medium=api_v3_business_search&utm_source=ZWy0ubD0XpxR_wgB9r9oJA,3.0,,4,34.0597915649414,-118.310844421387,"(34.0597915649414, -118.310844421387)"
197,Marijuana Strains Store,False,https://www.yelp.com/biz/marijuana-strains-store-los-angeles?adjust_creative=ZWy0ubD0XpxR_wgB9r9oJA&utm_campaign=yelp_api_v3&utm_medium=api_v3_business_search&utm_source=ZWy0ubD0XpxR_wgB9r9oJA,2.0,,10,34.0554599,-118.27789,"(34.0554599, -118.27789)"
198,Cookies Los Angeles,False,https://www.yelp.com/biz/cookies-los-angeles-maywood?adjust_creative=ZWy0ubD0XpxR_wgB9r9oJA&utm_campaign=yelp_api_v3&utm_medium=api_v3_business_search&utm_source=ZWy0ubD0XpxR_wgB9r9oJA,3.0,$$$,45,33.9896575258706,-118.203731884656,"(33.9896575258706, -118.203731884656)"
199,The Dub Club,False,https://www.yelp.com/biz/the-dub-club-van-nuys-2?adjust_creative=ZWy0ubD0XpxR_wgB9r9oJA&utm_campaign=yelp_api_v3&utm_medium=api_v3_business_search&utm_source=ZWy0ubD0XpxR_wgB9r9oJA,2.5,,14,34.18618,-118.44915,"(34.18618, -118.44915)"
200,Alhambra Collective 20 Cap,False,https://www.yelp.com/biz/alhambra-collective-20-cap-los-angeles-2?adjust_creative=ZWy0ubD0XpxR_wgB9r9oJA&utm_campaign=yelp_api_v3&utm_medium=api_v3_business_search&utm_source=ZWy0ubD0XpxR_wgB9r9oJA,3.0,,10,34.09289,-118.16245,"(34.09289, -118.16245)"
201,High Life Group,False,https://www.yelp.com/biz/high-life-group-los-angeles-2?adjust_creative=ZWy0ubD0XpxR_wgB9r9oJA&utm_campaign=yelp_api_v3&utm_medium=api_v3_business_search&utm_source=ZWy0ubD0XpxR_wgB9r9oJA,5.0,$,1,33.98622,-118.27864,"(33.98622, -118.27864)"
202,Marijuana Delivery Service,False,https://www.yelp.com/biz/marijuana-delivery-service-los-angeles-8?adjust_creative=ZWy0ubD0XpxR_wgB9r9oJA&utm_campaign=yelp_api_v3&utm_medium=api_v3_business_search&utm_source=ZWy0ubD0XpxR_wgB9r9oJA,5.0,,1,34.04625,-118.25287,"(34.04625, -118.25287)"
203,Starbuds,False,https://www.yelp.com/biz/starbuds-los-angeles-2?adjust_creative=ZWy0ubD0XpxR_wgB9r9oJA&utm_campaign=yelp_api_v3&utm_medium=api_v3_business_search&utm_source=ZWy0ubD0XpxR_wgB9r9oJA,2.0,,13,34.07680017,-118.25853267,"(34.07680017, -118.25853267)"
204,Terp Science Labs,False,https://www.yelp.com/biz/terp-science-labs-los-angeles?adjust_creative=ZWy0ubD0XpxR_wgB9r9oJA&utm_campaign=yelp_api_v3&utm_medium=api_v3_business_search&utm_source=ZWy0ubD0XpxR_wgB9r9oJA,5.0,,1,34.047338,-118.245524,"(34.047338, -118.245524)"
205,HMF CULTURE,False,https://www.yelp.com/biz/hmf-culture-los-angeles-6?adjust_creative=ZWy0ubD0XpxR_wgB9r9oJA&utm_campaign=yelp_api_v3&utm_medium=api_v3_business_search&utm_source=ZWy0ubD0XpxR_wgB9r9oJA,5.0,,1,34.08386,-118.213759,"(34.08386, -118.213759)"
206,Bak’d Flowers,False,https://www.yelp.com/biz/bak-d-flowers-west-los-angeles?adjust_creative=ZWy0ubD0XpxR_wgB9r9oJA&utm_campaign=yelp_api_v3&utm_medium=api_v3_business_search&utm_source=ZWy0ubD0XpxR_wgB9r9oJA,5.0,,1,34.04647,-118.43395,"(34.04647, -118.43395)"
207,420Weedkeef,False,https://www.yelp.com/biz/420weedkeef-santa-monica-4?adjust_creative=ZWy0ubD0XpxR_wgB9r9oJA&utm_campaign=yelp_api_v3&utm_medium=api_v3_business_search&utm_source=ZWy0ubD0XpxR_wgB9r9oJA,3.5,,3,34.0161098854751,-118.495390936732,"(34.0161098854751, -118.495390936732)"
208,Cannabis Releaf,False,https://www.yelp.com/biz/cannabis-releaf-los-angeles?adjust_creative=ZWy0ubD0XpxR_wgB9r9oJA&utm_campaign=yelp_api_v3&utm_medium=api_v3_business_search&utm_source=ZWy0ubD0XpxR_wgB9r9oJA,5.0,,1,34.1220545051384,-118.293589241803,"(34.1220545051384, -118.293589241803)"
209,Strainzzz On Slauson,False,https://www.yelp.com/biz/strainzzz-on-slauson-los-angeles?adjust_creative=ZWy0ubD0XpxR_wgB9r9oJA&utm_campaign=yelp_api_v3&utm_medium=api_v3_business_search&utm_source=ZWy0ubD0XpxR_wgB9r9oJA,3.0,,5,33.98909,-118.25128,"(33.98909, -118.25128)"
210,MedEX,False,https://www.yelp.com/biz/medex-los-angeles-2?adjust_creative=ZWy0ubD0XpxR_wgB9r9oJA&utm_campaign=yelp_api_v3&utm_medium=api_v3_business_search&utm_source=ZWy0ubD0XpxR_wgB9r9oJA,5.0,,1,34.02697,-118.20962,"(34.02697, -118.20962)"
211,Spliffee,False,https://www.yelp.com/biz/spliffee-los-angeles?adjust_creative=ZWy0ubD0XpxR_wgB9r9oJA&utm_campaign=yelp_api_v3&utm_medium=api_v3_business_search&utm_source=ZWy0ubD0XpxR_wgB9r9oJA,5.0,,4,34.06767654418945,-118.34990692138672,"(34.06767654418945, -118.34990692138672)"
212,GetWeedLA,False,https://www.yelp.com/biz/getweedla-los-angeles?adjust_creative=ZWy0ubD0XpxR_wgB9r9oJA&utm_campaign=yelp_api_v3&utm_medium=api_v3_business_search&utm_source=ZWy0ubD0XpxR_wgB9r9oJA,5.0,,1,34.25147,-118.37317,"(34.25147, -118.37317)"
213,24 7 Marijuana Delivery,False,https://www.yelp.com/biz/24-7-marijuana-delivery-los-angeles-2?adjust_creative=ZWy0ubD0XpxR_wgB9r9oJA&utm_campaign=yelp_api_v3&utm_medium=api_v3_business_search&utm_source=ZWy0ubD0XpxR_wgB9r9oJA,1.5,,11,34.0616751,-118.2872401,"(34.0616751, -118.2872401)"
214,Crown Genetics Delivery,False,https://www.yelp.com/biz/crown-genetics-delivery-los-angeles?adjust_creative=ZWy0ubD0XpxR_wgB9r9oJA&utm_campaign=yelp_api_v3&utm_medium=api_v3_business_search&utm_source=ZWy0ubD0XpxR_wgB9r9oJA,5.0,,1,34.1477165222168,-118.467269897461,"(34.1477165222168, -118.467269897461)"
215,Jamie's Weed Delivery,False,https://www.yelp.com/biz/jamies-weed-delivery-los-angeles-2?adjust_creative=ZWy0ubD0XpxR_wgB9r9oJA&utm_campaign=yelp_api_v3&utm_medium=api_v3_business_search&utm_source=ZWy0ubD0XpxR_wgB9r9oJA,5.0,,1,34.0297377,-118.4506077,"(34.0297377, -118.4506077)"
216,Alhambra Green Stop 20 Cap,False,https://www.yelp.com/biz/alhambra-green-stop-20-cap-los-angeles-2?adjust_creative=ZWy0ubD0XpxR_wgB9r9oJA&utm_campaign=yelp_api_v3&utm_medium=api_v3_business_search&utm_source=ZWy0ubD0XpxR_wgB9r9oJA,2.5,,5,34.079188,-118.1635808,"(34.079188, -118.1635808)"
217,The Green Dot,False,https://www.yelp.com/biz/the-green-dot-marina-del-rey?adjust_creative=ZWy0ubD0XpxR_wgB9r9oJA&utm_campaign=yelp_api_v3&utm_medium=api_v3_business_search&utm_source=ZWy0ubD0XpxR_wgB9r9oJA,3.0,$$,51,33.98704,-118.444114,"(33.98704, -118.444114)"
218,Green State University 20 cap,False,https://www.yelp.com/biz/green-state-university-20-cap-los-angeles-2?adjust_creative=ZWy0ubD0XpxR_wgB9r9oJA&utm_campaign=yelp_api_v3&utm_medium=api_v3_business_search&utm_source=ZWy0ubD0XpxR_wgB9r9oJA,2.5,,5,34.02541333,-118.27089833,"(34.02541333, -118.27089833)"
219,Blue Dream Dispensary,False,https://www.yelp.com/biz/blue-dream-dispensary-los-angeles?adjust_creative=ZWy0ubD0XpxR_wgB9r9oJA&utm_campaign=yelp_api_v3&utm_medium=api_v3_business_search&utm_source=ZWy0ubD0XpxR_wgB9r9oJA,1.5,$,9,34.076455,-118.2986595,"(34.076455, -118.2986595)"
220,Tree House,False,https://www.yelp.com/biz/tree-house-thousand-oaks?adjust_creative=ZWy0ubD0XpxR_wgB9r9oJA&utm_campaign=yelp_api_v3&utm_medium=api_v3_business_search&utm_source=ZWy0ubD0XpxR_wgB9r9oJA,3.5,,14,34.1757011413574,-118.848091125488,"(34.1757011413574, -118.848091125488)"
221,Mind Kontrol Delivery Service,False,https://www.yelp.com/biz/mind-kontrol-delivery-service-downtown-los-angeles?adjust_creative=ZWy0ubD0XpxR_wgB9r9oJA&utm_campaign=yelp_api_v3&utm_medium=api_v3_business_search&utm_source=ZWy0ubD0XpxR_wgB9r9oJA,5.0,,2,34.0426712036133,-118.250885009766,"(34.0426712036133, -118.250885009766)"
222,Los Angeles Green Street,False,https://www.yelp.com/biz/los-angeles-green-street-los-angeles?adjust_creative=ZWy0ubD0XpxR_wgB9r9oJA&utm_campaign=yelp_api_v3&utm_medium=api_v3_business_search&utm_source=ZWy0ubD0XpxR_wgB9r9oJA,2.5,,3,34.03758017,-118.25752517,"(34.03758017, -118.25752517)"
223,Korner Town,False,https://www.yelp.com/biz/korner-town-los-angeles?adjust_creative=ZWy0ubD0XpxR_wgB9r9oJA&utm_campaign=yelp_api_v3&utm_medium=api_v3_business_search&utm_source=ZWy0ubD0XpxR_wgB9r9oJA,3.0,,2,34.0473449664072,-118.287386795321,"(34.0473449664072, -118.287386795321)"
224,ASAP Budz,False,https://www.yelp.com/biz/asap-budz-los-angeles?adjust_creative=ZWy0ubD0XpxR_wgB9r9oJA&utm_campaign=yelp_api_v3&utm_medium=api_v3_business_search&utm_source=ZWy0ubD0XpxR_wgB9r9oJA,5.0,,1,34.22766,-118.44616,"(34.22766, -118.44616)"
225,Hemp CBD wellness Center,False,https://www.yelp.com/biz/hemp-cbd-wellness-center-los-angeles?adjust_creative=ZWy0ubD0XpxR_wgB9r9oJA&utm_campaign=yelp_api_v3&utm_medium=api_v3_business_search&utm_source=ZWy0ubD0XpxR_wgB9r9oJA,3.0,,2,34.06241,-118.2365,"(34.06241, -118.2365)"
226,Splitbud,False,https://www.yelp.com/biz/splitbud-west-hollywood?adjust_creative=ZWy0ubD0XpxR_wgB9r9oJA&utm_campaign=yelp_api_v3&utm_medium=api_v3_business_search&utm_source=ZWy0ubD0XpxR_wgB9r9oJA,2.5,,5,34.10665,-118.3651,"(34.10665, -118.3651)"
227,Arts District Cannabis Collective,False,https://www.yelp.com/biz/arts-district-cannabis-collective-los-angeles-2?adjust_creative=ZWy0ubD0XpxR_wgB9r9oJA&utm_campaign=yelp_api_v3&utm_medium=api_v3_business_search&utm_source=ZWy0ubD0XpxR_wgB9r9oJA,2.5,$,3,34.0258621153614,-118.233082213054,"(34.0258621153614, -118.233082213054)"
228,Mai Fire Buds1 420 MMJ Cannabis Marijuana Delivery,False,https://www.yelp.com/biz/mai-fire-buds1-420-mmj-cannabis-marijuana-delivery-woodland-hill?adjust_creative=ZWy0ubD0XpxR_wgB9r9oJA&utm_campaign=yelp_api_v3&utm_medium=api_v3_business_search&utm_source=ZWy0ubD0XpxR_wgB9r9oJA,5.0,,1,34.1848754882812,-118.601669311523,"(34.1848754882812, -118.601669311523)"
229,Lights Out 20 Cap,False,https://www.yelp.com/biz/lights-out-20-cap-gardena?adjust_creative=ZWy0ubD0XpxR_wgB9r9oJA&utm_campaign=yelp_api_v3&utm_medium=api_v3_business_search&utm_source=ZWy0ubD0XpxR_wgB9r9oJA,2.5,,6,33.88146,-118.29064,"(33.88146, -118.29064)"
230,The 710 Club,False,https://www.yelp.com/biz/the-710-club-gardena?adjust_creative=ZWy0ubD0XpxR_wgB9r9oJA&utm_campaign=yelp_api_v3&utm_medium=api_v3_business_search&utm_source=ZWy0ubD0XpxR_wgB9r9oJA,2.5,,6,33.88187,-118.29112,"(33.88187, -118.29112)"
231,831 Organiks,False,https://www.yelp.com/biz/831-organiks-los-angeles?adjust_creative=ZWy0ubD0XpxR_wgB9r9oJA&utm_campaign=yelp_api_v3&utm_medium=api_v3_business_search&utm_source=ZWy0ubD0XpxR_wgB9r9oJA,2.5,,3,34.0489812,-118.2589574,"(34.0489812, -118.2589574)"
232,Cannabis Corner,False,https://www.yelp.com/biz/cannabis-corner-los-angeles-3?adjust_creative=ZWy0ubD0XpxR_wgB9r9oJA&utm_campaign=yelp_api_v3&utm_medium=api_v3_business_search&utm_source=ZWy0ubD0XpxR_wgB9r9oJA,3.0,,6,34.0546295,-118.32235883,"(34.0546295, -118.32235883)"
233,SFV Delivers,False,https://www.yelp.com/biz/sfv-delivers-chatsworth?adjust_creative=ZWy0ubD0XpxR_wgB9r9oJA&utm_campaign=yelp_api_v3&utm_medium=api_v3_business_search&utm_source=ZWy0ubD0XpxR_wgB9r9oJA,5.0,,1,34.25344,-118.60081,"(34.25344, -118.60081)"
234,Harvest Moon Dispensables,False,https://www.yelp.com/biz/harvest-moon-dispensables-west-los-angeles-2?adjust_creative=ZWy0ubD0XpxR_wgB9r9oJA&utm_campaign=yelp_api_v3&utm_medium=api_v3_business_search&utm_source=ZWy0ubD0XpxR_wgB9r9oJA,5.0,$,2,34.0464706420898,-118.433952331543,"(34.0464706420898, -118.433952331543)"
235,Nug Depot,False,https://www.yelp.com/biz/nug-depot-los-angeles-2?adjust_creative=ZWy0ubD0XpxR_wgB9r9oJA&utm_campaign=yelp_api_v3&utm_medium=api_v3_business_search&utm_source=ZWy0ubD0XpxR_wgB9r9oJA,3.0,,2,33.97512,-118.32622,"(33.97512, -118.32622)"
236,Garden of Wellness,False,https://www.yelp.com/biz/garden-of-wellness-los-angeles-2?adjust_creative=ZWy0ubD0XpxR_wgB9r9oJA&utm_campaign=yelp_api_v3&utm_medium=api_v3_business_search&utm_source=ZWy0ubD0XpxR_wgB9r9oJA,2.5,,4,34.05097883,-118.34462117,"(34.05097883, -118.34462117)"
237,Deals On Wheels,False,https://www.yelp.com/biz/deals-on-wheels-los-angeles-4?adjust_creative=ZWy0ubD0XpxR_wgB9r9oJA&utm_campaign=yelp_api_v3&utm_medium=api_v3_business_search&utm_source=ZWy0ubD0XpxR_wgB9r9oJA,2.0,$,6,34.1940771815582,-118.38664244860409,"(34.1940771815582, -118.38664244860409)"
238,American Cannabis Company,False,https://www.yelp.com/biz/american-cannabis-company-venice?adjust_creative=ZWy0ubD0XpxR_wgB9r9oJA&utm_campaign=yelp_api_v3&utm_medium=api_v3_business_search&utm_source=ZWy0ubD0XpxR_wgB9r9oJA,2.0,,5,33.98814,-118.47461,"(33.98814, -118.47461)"
239,West Coast Clones,False,https://www.yelp.com/biz/west-coast-clones-anaheim-2?adjust_creative=ZWy0ubD0XpxR_wgB9r9oJA&utm_campaign=yelp_api_v3&utm_medium=api_v3_business_search&utm_source=ZWy0ubD0XpxR_wgB9r9oJA,4.0,,22,33.8439445495605,-117.941757202148,"(33.8439445495605, -117.941757202148)"
240,High Maintenance LA,False,https://www.yelp.com/biz/high-maintenance-la-los-angeles-2?adjust_creative=ZWy0ubD0XpxR_wgB9r9oJA&utm_campaign=yelp_api_v3&utm_medium=api_v3_business_search&utm_source=ZWy0ubD0XpxR_wgB9r9oJA,5.0,$,2,34.03732,-118.26116,"(34.03732, -118.26116)"
241,Grub Kush Delivery,False,https://www.yelp.com/biz/grub-kush-delivery-los-angeles-2?adjust_creative=ZWy0ubD0XpxR_wgB9r9oJA&utm_campaign=yelp_api_v3&utm_medium=api_v3_business_search&utm_source=ZWy0ubD0XpxR_wgB9r9oJA,3.0,,1,34.120189666748,-118.287124633789,"(34.120189666748, -118.287124633789)"
242,GrassDoor Marijuana Delivery,False,https://www.yelp.com/biz/grassdoor-marijuana-delivery-cty-of-cmmrce-2?adjust_creative=ZWy0ubD0XpxR_wgB9r9oJA&utm_campaign=yelp_api_v3&utm_medium=api_v3_business_search&utm_source=ZWy0ubD0XpxR_wgB9r9oJA,2.5,,36,34.00042833,-118.16122333,"(34.00042833, -118.16122333)"
243,Vybes,False,https://www.yelp.com/biz/vybes-west-hollywood?adjust_creative=ZWy0ubD0XpxR_wgB9r9oJA&utm_campaign=yelp_api_v3&utm_medium=api_v3_business_search&utm_source=ZWy0ubD0XpxR_wgB9r9oJA,4.0,,2,34.08879,-118.37803,"(34.08879, -118.37803)"
244,Exclusive Caregivers Of California,False,https://www.yelp.com/biz/exclusive-caregivers-of-california-los-angeles-2?adjust_creative=ZWy0ubD0XpxR_wgB9r9oJA&utm_campaign=yelp_api_v3&utm_medium=api_v3_business_search&utm_source=ZWy0ubD0XpxR_wgB9r9oJA,5.0,,2,33.983,-118.31457,"(33.983, -118.31457)"
245,HHC Plus,False,https://www.yelp.com/biz/hhc-plus-los-angeles-4?adjust_creative=ZWy0ubD0XpxR_wgB9r9oJA&utm_campaign=yelp_api_v3&utm_medium=api_v3_business_search&utm_source=ZWy0ubD0XpxR_wgB9r9oJA,5.0,,2,34.01973,-118.23974,"(34.01973, -118.23974)"
246,Crenshaw Caregivers,False,https://www.yelp.com/biz/crenshaw-caregivers-los-angeles?adjust_creative=ZWy0ubD0XpxR_wgB9r9oJA&utm_campaign=yelp_api_v3&utm_medium=api_v3_business_search&utm_source=ZWy0ubD0XpxR_wgB9r9oJA,3.0,,2,33.98885,-118.33387,"(33.98885, -118.33387)"
247,20Collective,False,https://www.yelp.com/biz/20collective-los-angeles?adjust_creative=ZWy0ubD0XpxR_wgB9r9oJA&utm_campaign=yelp_api_v3&utm_medium=api_v3_business_search&utm_source=ZWy0ubD0XpxR_wgB9r9oJA,3.0,,1,33.96041,-118.24054,"(33.96041, -118.24054)"
248,Citadel Church of Crenshaw 15 Cap,False,https://www.yelp.com/biz/citadel-church-of-crenshaw-15-cap-gardena?adjust_creative=ZWy0ubD0XpxR_wgB9r9oJA&utm_campaign=yelp_api_v3&utm_medium=api_v3_business_search&utm_source=ZWy0ubD0XpxR_wgB9r9oJA,3.0,,4,33.896243,-118.327097,"(33.896243, -118.327097)"
249,Fast and Friendly,False,https://www.yelp.com/biz/fast-and-friendly-beverly-hills?adjust_creative=ZWy0ubD0XpxR_wgB9r9oJA&utm_campaign=yelp_api_v3&utm_medium=api_v3_business_search&utm_source=ZWy0ubD0XpxR_wgB9r9oJA,3.5,,8,34.102294921875,-118.414672851562,"(34.102294921875, -118.414672851562)"
250,American Cannabis,False,https://www.yelp.com/biz/american-cannabis-los-angeles?adjust_creative=ZWy0ubD0XpxR_wgB9r9oJA&utm_campaign=yelp_api_v3&utm_medium=api_v3_business_search&utm_source=ZWy0ubD0XpxR_wgB9r9oJA,3.0,,2,34.03827,-118.34865667,"(34.03827, -118.34865667)"
251,Super Buds,False,https://www.yelp.com/biz/super-buds-los-angeles-2?adjust_creative=ZWy0ubD0XpxR_wgB9r9oJA&utm_campaign=yelp_api_v3&utm_medium=api_v3_business_search&utm_source=ZWy0ubD0XpxR_wgB9r9oJA,2.5,,2,33.992939,-118.323205,"(33.992939, -118.323205)"
252,420 Nature Aid,False,https://www.yelp.com/biz/420-nature-aid-los-angeles?adjust_creative=ZWy0ubD0XpxR_wgB9r9oJA&utm_campaign=yelp_api_v3&utm_medium=api_v3_business_search&utm_source=ZWy0ubD0XpxR_wgB9r9oJA,3.0,,2,33.9700012207031,-118.376281738281,"(33.9700012207031, -118.376281738281)"
253,Rick Daps,False,https://www.yelp.com/biz/rick-daps-los-angeles-3?adjust_creative=ZWy0ubD0XpxR_wgB9r9oJA&utm_campaign=yelp_api_v3&utm_medium=api_v3_business_search&utm_source=ZWy0ubD0XpxR_wgB9r9oJA,1.0,,5,34.06171798706055,-118.3027572631836,"(34.06171798706055, -118.3027572631836)"
254,Smokahontas 25 Cap,False,https://www.yelp.com/biz/smokahontas-25-cap-los-angeles-2?adjust_creative=ZWy0ubD0XpxR_wgB9r9oJA&utm_campaign=yelp_api_v3&utm_medium=api_v3_business_search&utm_source=ZWy0ubD0XpxR_wgB9r9oJA,3.5,,3,34.053727,-118.355238,"(34.053727, -118.355238)"
255,Infinite Wellness 20 Cap,False,https://www.yelp.com/biz/infinite-wellness-20-cap-los-angeles?adjust_creative=ZWy0ubD0XpxR_wgB9r9oJA&utm_campaign=yelp_api_v3&utm_medium=api_v3_business_search&utm_source=ZWy0ubD0XpxR_wgB9r9oJA,2.0,,5,33.996848,-118.278527,"(33.996848, -118.278527)"
256,Mendo Bros,False,https://www.yelp.com/biz/mendo-bros-los-angeles?adjust_creative=ZWy0ubD0XpxR_wgB9r9oJA&utm_campaign=yelp_api_v3&utm_medium=api_v3_business_search&utm_source=ZWy0ubD0XpxR_wgB9r9oJA,2.5,,3,34.04533,-118.24456,"(34.04533, -118.24456)"
257,Broadway LA Dispensary 25 Cap,False,https://www.yelp.com/biz/broadway-la-dispensary-25-cap-los-angeles?adjust_creative=ZWy0ubD0XpxR_wgB9r9oJA&utm_campaign=yelp_api_v3&utm_medium=api_v3_business_search&utm_source=ZWy0ubD0XpxR_wgB9r9oJA,2.5,$,3,33.95166,-118.27783,"(33.95166, -118.27783)"
258,CanEx - Los Angeles,False,https://www.yelp.com/biz/canex-los-angeles-los-angeles-2?adjust_creative=ZWy0ubD0XpxR_wgB9r9oJA&utm_campaign=yelp_api_v3&utm_medium=api_v3_business_search&utm_source=ZWy0ubD0XpxR_wgB9r9oJA,2.0,,1,34.00566,-118.25849,"(34.00566, -118.25849)"
259,The Plug 20 Cap Collective,False,https://www.yelp.com/biz/the-plug-20-cap-collective-los-angeles?adjust_creative=ZWy0ubD0XpxR_wgB9r9oJA&utm_campaign=yelp_api_v3&utm_medium=api_v3_business_search&utm_source=ZWy0ubD0XpxR_wgB9r9oJA,1.5,,4,33.9743,-118.3168,"(33.9743, -118.3168)"
260,Green Mile,False,https://www.yelp.com/biz/green-mile-burbank-2?adjust_creative=ZWy0ubD0XpxR_wgB9r9oJA&utm_campaign=yelp_api_v3&utm_medium=api_v3_business_search&utm_source=ZWy0ubD0XpxR_wgB9r9oJA,3.0,$,2,34.156063079834,-118.343688964844,"(34.156063079834, -118.343688964844)"
261,Clique Cannabis,False,https://www.yelp.com/biz/clique-cannabis-maywood?adjust_creative=ZWy0ubD0XpxR_wgB9r9oJA&utm_campaign=yelp_api_v3&utm_medium=api_v3_business_search&utm_source=ZWy0ubD0XpxR_wgB9r9oJA,3.0,,15,33.9807,-118.17224,"(33.9807, -118.17224)"
262,Nursery's Best MMJ Delivery,False,https://www.yelp.com/biz/nurserys-best-mmj-delivery-bell?adjust_creative=ZWy0ubD0XpxR_wgB9r9oJA&utm_campaign=yelp_api_v3&utm_medium=api_v3_business_search&utm_source=ZWy0ubD0XpxR_wgB9r9oJA,4.0,,7,33.96159,-118.16139,"(33.96159, -118.16139)"
263,Harris OG,False,https://www.yelp.com/biz/harris-og-los-angeles?adjust_creative=ZWy0ubD0XpxR_wgB9r9oJA&utm_campaign=yelp_api_v3&utm_medium=api_v3_business_search&utm_source=ZWy0ubD0XpxR_wgB9r9oJA,5.0,,1,34.09997,-118.32686,"(34.09997, -118.32686)"
264,Green Goat Collective,False,https://www.yelp.com/biz/green-goat-collective-los-angeles?adjust_creative=ZWy0ubD0XpxR_wgB9r9oJA&utm_campaign=yelp_api_v3&utm_medium=api_v3_business_search&utm_source=ZWy0ubD0XpxR_wgB9r9oJA,1.5,,5,34.011963,-118.277347,"(34.011963, -118.277347)"
265,CHC 7G 8th,False,https://www.yelp.com/biz/chc-7g-8th-vernon?adjust_creative=ZWy0ubD0XpxR_wgB9r9oJA&utm_campaign=yelp_api_v3&utm_medium=api_v3_business_search&utm_source=ZWy0ubD0XpxR_wgB9r9oJA,5.0,$$,1,34.01766,-118.24386,"(34.01766, -118.24386)"
266,Top Shelf LA,False,https://www.yelp.com/biz/top-shelf-la-los-angeles-3?adjust_creative=ZWy0ubD0XpxR_wgB9r9oJA&utm_campaign=yelp_api_v3&utm_medium=api_v3_business_search&utm_source=ZWy0ubD0XpxR_wgB9r9oJA,5.0,,1,34.00035,-118.29134,"(34.00035, -118.29134)"
267,Five Star Collective,False,https://www.yelp.com/biz/five-star-collective-los-angeles?adjust_creative=ZWy0ubD0XpxR_wgB9r9oJA&utm_campaign=yelp_api_v3&utm_medium=api_v3_business_search&utm_source=ZWy0ubD0XpxR_wgB9r9oJA,2.5,,3,33.9455849,-118.316414,"(33.9455849, -118.316414)"
268,Nji Weed Shop,False,https://www.yelp.com/biz/nji-weed-shop-los-angeles?adjust_creative=ZWy0ubD0XpxR_wgB9r9oJA&utm_campaign=yelp_api_v3&utm_medium=api_v3_business_search&utm_source=ZWy0ubD0XpxR_wgB9r9oJA,1.0,,2,34.02112,-118.372669,"(34.02112, -118.372669)"
269,Bud Cellar,False,https://www.yelp.com/biz/bud-cellar-north-hollywood?adjust_creative=ZWy0ubD0XpxR_wgB9r9oJA&utm_campaign=yelp_api_v3&utm_medium=api_v3_business_search&utm_source=ZWy0ubD0XpxR_wgB9r9oJA,3.5,,3,34.16495,-118.37203,"(34.16495, -118.37203)"
270,Flora's Remedy Delivery,False,https://www.yelp.com/biz/floras-remedy-delivery-los-angeles-4?adjust_creative=ZWy0ubD0XpxR_wgB9r9oJA&utm_campaign=yelp_api_v3&utm_medium=api_v3_business_search&utm_source=ZWy0ubD0XpxR_wgB9r9oJA,5.0,,1,34.0643501281738,-118.437088012695,"(34.0643501281738, -118.437088012695)"
271,Downtown Buyers Club,False,https://www.yelp.com/biz/downtown-buyers-club-los-angeles?adjust_creative=ZWy0ubD0XpxR_wgB9r9oJA&utm_campaign=yelp_api_v3&utm_medium=api_v3_business_search&utm_source=ZWy0ubD0XpxR_wgB9r9oJA,5.0,$$,1,34.023582,-118.2446988,"(34.023582, -118.2446988)"
272,Boss Kush,False,https://www.yelp.com/biz/boss-kush-los-angeles?adjust_creative=ZWy0ubD0XpxR_wgB9r9oJA&utm_campaign=yelp_api_v3&utm_medium=api_v3_business_search&utm_source=ZWy0ubD0XpxR_wgB9r9oJA,5.0,,1,34.046982,-118.249463,"(34.046982, -118.249463)"
273,Pineapple Express Dispensary,False,https://www.yelp.com/biz/pineapple-express-dispensary-los-angeles?adjust_creative=ZWy0ubD0XpxR_wgB9r9oJA&utm_campaign=yelp_api_v3&utm_medium=api_v3_business_search&utm_source=ZWy0ubD0XpxR_wgB9r9oJA,1.0,,2,34.0500501,-118.3089151,"(34.0500501, -118.3089151)"
274,BudExpress Delivery,False,https://www.yelp.com/biz/budexpress-delivery-north-hollywood-5?adjust_creative=ZWy0ubD0XpxR_wgB9r9oJA&utm_campaign=yelp_api_v3&utm_medium=api_v3_business_search&utm_source=ZWy0ubD0XpxR_wgB9r9oJA,5.0,,1,34.16542,-118.37247,"(34.16542, -118.37247)"
275,The Pottery Delivery,False,https://www.yelp.com/biz/the-pottery-delivery-los-angeles-2?adjust_creative=ZWy0ubD0XpxR_wgB9r9oJA&utm_campaign=yelp_api_v3&utm_medium=api_v3_business_search&utm_source=ZWy0ubD0XpxR_wgB9r9oJA,3.5,,2,34.1110495,-118.2872851,"(34.1110495, -118.2872851)"
276,High Society Wellness Center 20 Cap,False,https://www.yelp.com/biz/high-society-wellness-center-20-cap-los-angeles?adjust_creative=ZWy0ubD0XpxR_wgB9r9oJA&utm_campaign=yelp_api_v3&utm_medium=api_v3_business_search&utm_source=ZWy0ubD0XpxR_wgB9r9oJA,1.0,,2,34.05677,-118.20831,"(34.05677, -118.20831)"
277,Weed Delivery,False,https://www.yelp.com/biz/weed-delivery-glendale?adjust_creative=ZWy0ubD0XpxR_wgB9r9oJA&utm_campaign=yelp_api_v3&utm_medium=api_v3_business_search&utm_source=ZWy0ubD0XpxR_wgB9r9oJA,5.0,,1,34.13713,-118.26078,"(34.13713, -118.26078)"
278,UC Buds 20 Cap,False,https://www.yelp.com/biz/uc-buds-20-cap-los-angeles?adjust_creative=ZWy0ubD0XpxR_wgB9r9oJA&utm_campaign=yelp_api_v3&utm_medium=api_v3_business_search&utm_source=ZWy0ubD0XpxR_wgB9r9oJA,3.5,,2,34.02283,-118.26073,"(34.02283, -118.26073)"
279,Jack Canna,False,https://www.yelp.com/biz/jack-canna-los-angeles?adjust_creative=ZWy0ubD0XpxR_wgB9r9oJA&utm_campaign=yelp_api_v3&utm_medium=api_v3_business_search&utm_source=ZWy0ubD0XpxR_wgB9r9oJA,1.0,$$$$,1,34.0242671,-118.2391039,"(34.0242671, -118.2391039)"
280,OG Western,False,https://www.yelp.com/biz/og-western-los-angeles?adjust_creative=ZWy0ubD0XpxR_wgB9r9oJA&utm_campaign=yelp_api_v3&utm_medium=api_v3_business_search&utm_source=ZWy0ubD0XpxR_wgB9r9oJA,5.0,,1,33.96242,-118.30933,"(33.96242, -118.30933)"
281,Blvck Label Cannabis,False,https://www.yelp.com/biz/blvck-label-cannabis-los-angeles?adjust_creative=ZWy0ubD0XpxR_wgB9r9oJA&utm_campaign=yelp_api_v3&utm_medium=api_v3_business_search&utm_source=ZWy0ubD0XpxR_wgB9r9oJA,1.0,,1,34.04867,-118.33386,"(34.04867, -118.33386)"
282,Blowing Trees,False,https://www.yelp.com/biz/blowing-trees-los-angeles?adjust_creative=ZWy0ubD0XpxR_wgB9r9oJA&utm_campaign=yelp_api_v3&utm_medium=api_v3_business_search&utm_source=ZWy0ubD0XpxR_wgB9r9oJA,1.0,$,2,34.0286,-118.20085,"(34.0286, -118.20085)"
283,Purecannastore,False,https://www.yelp.com/biz/purecannastore-chico?adjust_creative=ZWy0ubD0XpxR_wgB9r9oJA&utm_campaign=yelp_api_v3&utm_medium=api_v3_business_search&utm_source=ZWy0ubD0XpxR_wgB9r9oJA,1.0,,7,34.03363167,-118.184355,"(34.03363167, -118.184355)"
284,Venice Buds Delivery,False,https://www.yelp.com/biz/venice-buds-delivery-los-angeles?adjust_creative=ZWy0ubD0XpxR_wgB9r9oJA&utm_campaign=yelp_api_v3&utm_medium=api_v3_business_search&utm_source=ZWy0ubD0XpxR_wgB9r9oJA,1.5,,3,34.02875,-118.4717975,"(34.02875, -118.4717975)"
285,Culver City Associates,False,https://www.yelp.com/biz/culver-city-associates-culver-city?adjust_creative=ZWy0ubD0XpxR_wgB9r9oJA&utm_campaign=yelp_api_v3&utm_medium=api_v3_business_search&utm_source=ZWy0ubD0XpxR_wgB9r9oJA,1.0,,1,34.03053,-118.37986,"(34.03053, -118.37986)"
286,Club Lit,False,https://www.yelp.com/biz/club-lit-los-nietos-3?adjust_creative=ZWy0ubD0XpxR_wgB9r9oJA&utm_campaign=yelp_api_v3&utm_medium=api_v3_business_search&utm_source=ZWy0ubD0XpxR_wgB9r9oJA,1.0,,2,33.99197667,-118.06778167,"(33.99197667, -118.06778167)"
287,Shatter Wax Sale,False,https://www.yelp.com/biz/shatter-wax-sale-los-angeles?adjust_creative=ZWy0ubD0XpxR_wgB9r9oJA&utm_campaign=yelp_api_v3&utm_medium=api_v3_business_search&utm_source=ZWy0ubD0XpxR_wgB9r9oJA,1.0,,1,34.061014,-118.413779,"(34.061014, -118.413779)"
288,United Health Care Center,False,https://www.yelp.com/biz/united-health-care-center-huntington-park?adjust_creative=ZWy0ubD0XpxR_wgB9r9oJA&utm_campaign=yelp_api_v3&utm_medium=api_v3_business_search&utm_source=ZWy0ubD0XpxR_wgB9r9oJA,5.0,,1,33.987218,-118.238018,"(33.987218, -118.238018)"
289,Rocket Buds,False,https://www.yelp.com/biz/rocket-buds-los-angeles-2?adjust_creative=ZWy0ubD0XpxR_wgB9r9oJA&utm_campaign=yelp_api_v3&utm_medium=api_v3_business_search&utm_source=ZWy0ubD0XpxR_wgB9r9oJA,2.0,,5,34.033204,-118.308128,"(34.033204, -118.308128)"
290,Marijuana Legal Shop,False,https://www.yelp.com/biz/marijuana-legal-shop-los-angeles?adjust_creative=ZWy0ubD0XpxR_wgB9r9oJA&utm_campaign=yelp_api_v3&utm_medium=api_v3_business_search&utm_source=ZWy0ubD0XpxR_wgB9r9oJA,1.0,,1,33.990564,-118.46644,"(33.990564, -118.46644)"
291,Green Gears 20 Cap,False,https://www.yelp.com/biz/green-gears-20-cap-los-angeles?adjust_creative=ZWy0ubD0XpxR_wgB9r9oJA&utm_campaign=yelp_api_v3&utm_medium=api_v3_business_search&utm_source=ZWy0ubD0XpxR_wgB9r9oJA,2.0,,6,33.93739117,-118.29225083,"(33.93739117, -118.29225083)"
292,CanEx - Santa Monica,False,https://www.yelp.com/biz/canex-santa-monica-santa-monica?adjust_creative=ZWy0ubD0XpxR_wgB9r9oJA&utm_campaign=yelp_api_v3&utm_medium=api_v3_business_search&utm_source=ZWy0ubD0XpxR_wgB9r9oJA,3.0,,2,34.0300788879395,-118.50919342041,"(34.0300788879395, -118.50919342041)"
293,Dank Stop,False,https://www.yelp.com/biz/dank-stop-los-angeles-4?adjust_creative=ZWy0ubD0XpxR_wgB9r9oJA&utm_campaign=yelp_api_v3&utm_medium=api_v3_business_search&utm_source=ZWy0ubD0XpxR_wgB9r9oJA,3.0,,1,33.980194,-118.27349,"(33.980194, -118.27349)"
294,Dianamaam,False,https://www.yelp.com/biz/dianamaam-los-angeles?adjust_creative=ZWy0ubD0XpxR_wgB9r9oJA&utm_campaign=yelp_api_v3&utm_medium=api_v3_business_search&utm_source=ZWy0ubD0XpxR_wgB9r9oJA,1.0,,4,34.021142,-118.372674,"(34.021142, -118.372674)"
295,Trees Pot Shop,False,https://www.yelp.com/biz/trees-pot-shop-los-angeles?adjust_creative=ZWy0ubD0XpxR_wgB9r9oJA&utm_campaign=yelp_api_v3&utm_medium=api_v3_business_search&utm_source=ZWy0ubD0XpxR_wgB9r9oJA,1.0,,1,34.04124,-118.23775,"(34.04124, -118.23775)"
296,DAZE Delivery - Central LA,False,https://www.yelp.com/biz/daze-delivery-central-la-los-angeles-2?adjust_creative=ZWy0ubD0XpxR_wgB9r9oJA&utm_campaign=yelp_api_v3&utm_medium=api_v3_business_search&utm_source=ZWy0ubD0XpxR_wgB9r9oJA,1.0,,1,34.1007080078125,-118.328132629395,"(34.1007080078125, -118.328132629395)"
297,Bud Marijuana Delivery,False,https://www.yelp.com/biz/bud-marijuana-delivery-los-angeles-2?adjust_creative=ZWy0ubD0XpxR_wgB9r9oJA&utm_campaign=yelp_api_v3&utm_medium=api_v3_business_search&utm_source=ZWy0ubD0XpxR_wgB9r9oJA,1.0,,2,34.068764,-118.305829,"(34.068764, -118.305829)"
298,Mjplug4,False,https://www.yelp.com/biz/mjplug4-los-angeles-3?adjust_creative=ZWy0ubD0XpxR_wgB9r9oJA&utm_campaign=yelp_api_v3&utm_medium=api_v3_business_search&utm_source=ZWy0ubD0XpxR_wgB9r9oJA,1.0,,1,34.0522384643555,-118.243347167969,"(34.0522384643555, -118.243347167969)"
299,Eaze,False,https://www.yelp.com/biz/eaze-burbank?adjust_creative=ZWy0ubD0XpxR_wgB9r9oJA&utm_campaign=yelp_api_v3&utm_medium=api_v3_business_search&utm_source=ZWy0ubD0XpxR_wgB9r9oJA,1.5,,15,34.1773,-118.30961,"(34.1773, -118.30961)"
300,710 Frat House,False,https://www.yelp.com/biz/710-frat-house-los-angeles-2?adjust_creative=ZWy0ubD0XpxR_wgB9r9oJA&utm_campaign=yelp_api_v3&utm_medium=api_v3_business_search&utm_source=ZWy0ubD0XpxR_wgB9r9oJA,3.0,,1,33.96298,-118.26923,"(33.96298, -118.26923)"
301,Milla Weed House,False,https://www.yelp.com/biz/milla-weed-house-los-angeles?adjust_creative=ZWy0ubD0XpxR_wgB9r9oJA&utm_campaign=yelp_api_v3&utm_medium=api_v3_business_search&utm_source=ZWy0ubD0XpxR_wgB9r9oJA,1.0,,1,34.02112,-118.372669,"(34.02112, -118.372669)"
302,Highland Delivery,False,https://www.yelp.com/biz/highland-delivery-los-angeles?adjust_creative=ZWy0ubD0XpxR_wgB9r9oJA&utm_campaign=yelp_api_v3&utm_medium=api_v3_business_search&utm_source=ZWy0ubD0XpxR_wgB9r9oJA,1.0,,1,34.029109954834,-118.283065795898,"(34.029109954834, -118.283065795898)"
303,WisdomKush,False,https://www.yelp.com/biz/wisdomkush-los-angeles-3?adjust_creative=ZWy0ubD0XpxR_wgB9r9oJA&utm_campaign=yelp_api_v3&utm_medium=api_v3_business_search&utm_source=ZWy0ubD0XpxR_wgB9r9oJA,1.0,,1,34.02410833,-118.23855333,"(34.02410833, -118.23855333)"
304,Cannabis Delivery Service,False,https://www.yelp.com/biz/cannabis-delivery-service-glendale-2?adjust_creative=ZWy0ubD0XpxR_wgB9r9oJA&utm_campaign=yelp_api_v3&utm_medium=api_v3_business_search&utm_source=ZWy0ubD0XpxR_wgB9r9oJA,5.0,,1,34.16835,-118.20194,"(34.16835, -118.20194)"
305,Green Land Shop,False,https://www.yelp.com/biz/green-land-shop-los-angeles?adjust_creative=ZWy0ubD0XpxR_wgB9r9oJA&utm_campaign=yelp_api_v3&utm_medium=api_v3_business_search&utm_source=ZWy0ubD0XpxR_wgB9r9oJA,1.0,,1,34.058,-118.42246,"(34.058, -118.42246)"
306,CanEx - Burbank,False,https://www.yelp.com/biz/canex-burbank-burbank?adjust_creative=ZWy0ubD0XpxR_wgB9r9oJA&utm_campaign=yelp_api_v3&utm_medium=api_v3_business_search&utm_source=ZWy0ubD0XpxR_wgB9r9oJA,1.0,,1,34.1615135,-118.3403506,"(34.1615135, -118.3403506)"
307,EZ Custom Packaging,False,https://www.yelp.com/biz/ez-custom-packaging-los-angeles-2?adjust_creative=ZWy0ubD0XpxR_wgB9r9oJA&utm_campaign=yelp_api_v3&utm_medium=api_v3_business_search&utm_source=ZWy0ubD0XpxR_wgB9r9oJA,1.0,,1,34.0469234,-118.2441952,"(34.0469234, -118.2441952)"
308,Giving Greens Delivery,False,https://www.yelp.com/biz/giving-greens-delivery-los-angeles-2?adjust_creative=ZWy0ubD0XpxR_wgB9r9oJA&utm_campaign=yelp_api_v3&utm_medium=api_v3_business_search&utm_source=ZWy0ubD0XpxR_wgB9r9oJA,1.0,$$,1,33.9740867614746,-118.24983215332,"(33.9740867614746, -118.24983215332)"
309,Originals Factory & Weed Shop,False,https://www.yelp.com/biz/originals-factory-and-weed-shop-los-angeles?adjust_creative=ZWy0ubD0XpxR_wgB9r9oJA&utm_campaign=yelp_api_v3&utm_medium=api_v3_business_search&utm_source=ZWy0ubD0XpxR_wgB9r9oJA,1.0,,1,33.981015,-118.26258,"(33.981015, -118.26258)"
310,Stiiizy Weed Delivery - Burbank,False,https://www.yelp.com/biz/stiiizy-weed-delivery-burbank-burbank-2?adjust_creative=ZWy0ubD0XpxR_wgB9r9oJA&utm_campaign=yelp_api_v3&utm_medium=api_v3_business_search&utm_source=ZWy0ubD0XpxR_wgB9r9oJA,3.0,,4,34.1776237487793,-118.307220458984,"(34.1776237487793, -118.307220458984)"
311,CEAS LA,False,https://www.yelp.com/biz/ceas-la-west-hollywood?adjust_creative=ZWy0ubD0XpxR_wgB9r9oJA&utm_campaign=yelp_api_v3&utm_medium=api_v3_business_search&utm_source=ZWy0ubD0XpxR_wgB9r9oJA,5.0,,1,34.0943412780762,-118.381484985352,"(34.0943412780762, -118.381484985352)"
312,Fast Buds Organic,False,https://www.yelp.com/biz/fast-buds-organic-west-hollywood?adjust_creative=ZWy0ubD0XpxR_wgB9r9oJA&utm_campaign=yelp_api_v3&utm_medium=api_v3_business_search&utm_source=ZWy0ubD0XpxR_wgB9r9oJA,1.5,,2,34.0925944578959,-118.375811828533,"(34.0925944578959, -118.375811828533)"
313,OCBUDZZ,False,https://www.yelp.com/biz/ocbudzz-anaheim?adjust_creative=ZWy0ubD0XpxR_wgB9r9oJA&utm_campaign=yelp_api_v3&utm_medium=api_v3_business_search&utm_source=ZWy0ubD0XpxR_wgB9r9oJA,3.5,,5,33.835347,-117.959282,"(33.835347, -117.959282)"
314,The Gas Station,False,https://www.yelp.com/biz/the-gas-station-los-angeles?adjust_creative=ZWy0ubD0XpxR_wgB9r9oJA&utm_campaign=yelp_api_v3&utm_medium=api_v3_business_search&utm_source=ZWy0ubD0XpxR_wgB9r9oJA,1.0,,1,34.19677,-118.4924,"(34.19677, -118.4924)"
315,Spectwonders,False,https://www.yelp.com/biz/spectwonders-compton-2?adjust_creative=ZWy0ubD0XpxR_wgB9r9oJA&utm_campaign=yelp_api_v3&utm_medium=api_v3_business_search&utm_source=ZWy0ubD0XpxR_wgB9r9oJA,1.0,,1,33.90323,-118.202912,"(33.90323, -118.202912)"
316,Real Monster Delivery,False,https://www.yelp.com/biz/real-monster-delivery-el-monte-4?adjust_creative=ZWy0ubD0XpxR_wgB9r9oJA&utm_campaign=yelp_api_v3&utm_medium=api_v3_business_search&utm_source=ZWy0ubD0XpxR_wgB9r9oJA,5.0,,1,34.0672647049,-118.000235195,"(34.0672647049, -118.000235195)"
317,Khonsu's Collective,False,https://www.yelp.com/biz/khonsus-collective-hollywood?adjust_creative=ZWy0ubD0XpxR_wgB9r9oJA&utm_campaign=yelp_api_v3&utm_medium=api_v3_business_search&utm_source=ZWy0ubD0XpxR_wgB9r9oJA,1.0,,1,34.1015586853027,-118.33708190918,"(34.1015586853027, -118.33708190918)"
318,Cannacureshop,False,https://www.yelp.com/biz/cannacureshop-west-hollywood?adjust_creative=ZWy0ubD0XpxR_wgB9r9oJA&utm_campaign=yelp_api_v3&utm_medium=api_v3_business_search&utm_source=ZWy0ubD0XpxR_wgB9r9oJA,1.0,,1,34.083442,-118.350931,"(34.083442, -118.350931)"
319,Charisma Club 420,False,https://www.yelp.com/biz/charisma-club-420-ontario-5?adjust_creative=ZWy0ubD0XpxR_wgB9r9oJA&utm_campaign=yelp_api_v3&utm_medium=api_v3_business_search&utm_source=ZWy0ubD0XpxR_wgB9r9oJA,5.0,,2,34.0690642,-117.638465,"(34.0690642, -117.638465)"
320,The Syndicate,False,https://www.yelp.com/biz/the-syndicate-huntington-park?adjust_creative=ZWy0ubD0XpxR_wgB9r9oJA&utm_campaign=yelp_api_v3&utm_medium=api_v3_business_search&utm_source=ZWy0ubD0XpxR_wgB9r9oJA,3.0,,2,33.98865,-118.23307,"(33.98865, -118.23307)"
321,Level Up 25 Cap,False,https://www.yelp.com/biz/level-up-25-cap-view-park-windsor-hills?adjust_creative=ZWy0ubD0XpxR_wgB9r9oJA&utm_campaign=yelp_api_v3&utm_medium=api_v3_business_search&utm_source=ZWy0ubD0XpxR_wgB9r9oJA,1.0,,1,33.98868,-118.33869,"(33.98868, -118.33869)"
322,Rolling Up Delivery Services,False,https://www.yelp.com/biz/rolling-up-delivery-services-el-monte?adjust_creative=ZWy0ubD0XpxR_wgB9r9oJA&utm_campaign=yelp_api_v3&utm_medium=api_v3_business_search&utm_source=ZWy0ubD0XpxR_wgB9r9oJA,4.5,,2,34.07192,-118.01323,"(34.07192, -118.01323)"
323,The Blue Diamond Center,False,https://www.yelp.com/biz/the-blue-diamond-center-burbank?adjust_creative=ZWy0ubD0XpxR_wgB9r9oJA&utm_campaign=yelp_api_v3&utm_medium=api_v3_business_search&utm_source=ZWy0ubD0XpxR_wgB9r9oJA,1.0,,1,34.15516,-118.34302,"(34.15516, -118.34302)"
324,Reefer Madness Clone Company,False,https://www.yelp.com/biz/reefer-madness-clone-company-orange?adjust_creative=ZWy0ubD0XpxR_wgB9r9oJA&utm_campaign=yelp_api_v3&utm_medium=api_v3_business_search&utm_source=ZWy0ubD0XpxR_wgB9r9oJA,5.0,,1,33.8335800170898,-117.847023010254,"(33.8335800170898, -117.847023010254)"
325,McLeonel dispensary,False,https://www.yelp.com/biz/mcleonel-dispensary-riverside-2?adjust_creative=ZWy0ubD0XpxR_wgB9r9oJA&utm_campaign=yelp_api_v3&utm_medium=api_v3_business_search&utm_source=ZWy0ubD0XpxR_wgB9r9oJA,1.0,,3,33.90064,-117.45584,"(33.90064, -117.45584)"
